isin,nse_symbol,name,series,date_of_listing,face_value,bse_code,bse_symbol,industry,bse_group,listed_on
IN9175A01010,JISLDVREQS,Jain Irrigation Systems Limited,EQ,30-NOV-2011,2,,,,,NSE
IN9623B01058,FELDVR,Future Enterprises Limited,BZ,13-FEB-2009,2,,,,,NSE
INE001B01026,KRBL,KRBL Limited,EQ,21-JAN-2002,1,,,,,NSE
INE001E01012,PREMCO,Premco Global Limited,EQ,20-APR-2026,10,,,,,NSE
INE002A01018,RELIANCE,Reliance Industries Limited,EQ,29-NOV-1995,10,,,,,NSE
INE002L01015,SJVN,SJVN Limited,EQ,20-MAY-2010,10,,,,,NSE
INE002S01010,MGL,Mahanagar Gas Limited,EQ,01-JUL-2016,10,,,,,NSE
INE003A01024,SIEMENS,Siemens Limited,EQ,06-SEP-1995,2,,,,,NSE
INE004A01022,PROTEAN,Protean eGov Technologies Limited,EQ,06-FEB-2025,10,,,,,NSE
INE005B01027,AVANTEL,Avantel Limited,EQ,31-JUL-2024,2,,,,,NSE
INE005I01014,AMDIND,AMD Industries Limited,EQ,19-MAR-2007,10,,,,,NSE
INE006I01046,ASTRAL,Astral Limited,EQ,20-MAR-2007,1,,,,,NSE
INE006Z01016,ARVEE,Arvee Laboratories (India) Limited,EQ,22-MAR-2021,10,,,,,NSE
INE007A01025,CRISIL,CRISIL Limited,EQ,28-JUN-1995,1,,,,,NSE
INE007B01023,GEOJITFSL,Geojit Financial Services Limited,EQ,01-JUL-2005,1,,,,,NSE
INE007N01010,FEDFINA,Fedbank Financial Services Limited,EQ,30-NOV-2023,10,,,,,NSE
INE008A01015,IDBI,IDBI Bank Limited,EQ,20-SEP-1995,10,,,,,NSE
INE009A01021,INFY,Infosys Limited,EQ,08-FEB-1995,5,,,,,NSE
INE00CA01015,TREJHARA,TREJHARA SOLUTIONS LIMITED,EQ,28-DEC-2018,10,,,,,NSE
INE00CE01017,SVLL,Shree Vasu Logistics Limited,EQ,21-APR-2023,10,,,,,NSE
INE00E101023,BIKAJI,Bikaji Foods International Limited,EQ,16-NOV-2022,1,,,,,NSE
INE00EM01016,MEGASTAR,Megastar Foods Limited,EQ,16-FEB-2022,10,,,,,NSE
INE00EV01017,HARIOMPIPE,Hariom Pipe Industries Limited,EQ,13-APR-2022,10,,,,,NSE
INE00F201020,PRUDENT,Prudent Corporate Advisory Services Limited,EQ,20-MAY-2022,5,,,,,NSE
INE00FF01025,ACUTAAS,Acutaas Chemicals Limited,EQ,14-SEP-2021,5,,,,,NSE
INE00H001014,SWIGGY,Swiggy Limited,EQ,13-NOV-2024,1,,,,,NSE
INE00HZ01011,BNAGROCHEM,BN Agrochem Limited,EQ,20-APR-2026,10,,,,,NSE
INE00IK01029,OSWALSEEDS,ShreeOswal Seeds And Chemicals Limited,EQ,28-FEB-2023,2,,,,,NSE
INE00IN01015,STOVEKRAFT,Stove Kraft Limited,EQ,05-FEB-2021,10,,,,,NSE
INE00KV01022,RAJMET,Rajnandini Metal Limited,BE,16-FEB-2021,1,,,,,NSE
INE00LM01029,SONAMLTD,SONAM LIMITED,EQ,07-APR-2022,5,,,,,NSE
INE00LO01017,CRAFTSMAN,Craftsman Automation Limited,EQ,25-MAR-2021,5,,,,,NSE
INE00M201021,SWSOLAR,Sterling and Wilson Renewable Energy Limited,EQ,20-AUG-2019,1,,,,,NSE
INE00M901018,INTERARCH,Interarch Building Solutions Limited,EQ,26-AUG-2024,10,,,,,NSE
INE00OQ01016,DHARMAJ,Dharmaj Crop Guard Limited,EQ,08-DEC-2022,10,,,,,NSE
INE00PV01013,AHLADA,Ahlada Engineers Limited,EQ,28-JAN-2021,10,,,,,NSE
INE00Q601028,STUDDS,Studds Accessories Limited,EQ,07-NOV-2025,5,,,,,NSE
INE00QT01015,SGIL,Synergy Green Industries Limited,EQ,28-JUL-2021,10,,,,,NSE
INE00R701025,DALBHARAT,Dalmia Bharat Limited,EQ,22-JAN-2019,2,,,,,NSE
INE00RL01028,HILINFRA,Highway Infrastructure Limited,BE,12-AUG-2025,5,,,,,NSE
INE00S901012,NILASPACES,Nila Spaces Limited,EQ,28-DEC-2018,1,,,,,NSE
INE00SW01015,BCPL,BCPL Railway Infrastructure Limited,EQ,27-MAR-2026,10,,,,,NSE
INE00U401027,UNIECOM,Unicommerce Esolutions Limited,EQ,13-AUG-2024,1,,,,,NSE
INE00VM01036,MANORAMA,Manorama Industries Limited,EQ,01-JUL-2022,2,,,,,NSE
INE00WC01027,AFFLE,Affle 3i Limited,EQ,08-AUG-2019,2,,,,,NSE
INE00XB01019,SEDEMAC,SEDEMAC Mechatronics Limited,EQ,11-MAR-2026,10,,,,,NSE
INE00Y201027,FLAIR,Flair Writing Industries Limited,EQ,01-DEC-2023,5,,,,,NSE
INE00Y801016,AKG,Akg Exim Limited,EQ,16-FEB-2021,10,,,,,NSE
INE00YB01025,ABINFRA,A B Infrabuild Limited,EQ,08-NOV-2024,1,,,,,NSE
INE00YJ01010,JARO,Jaro Institute of Technology Management and Research Limited,EQ,30-SEP-2025,10,,,,,NSE
INE00Z501029,KRITIKA,Kritika Wires Limited,EQ,04-MAY-2022,2,,,,,NSE
INE00ZE01026,AFSL,Abans Financial Services Limited,EQ,23-DEC-2022,2,,,,,NSE
INE010601016,ENTERO,Entero Healthcare Solutions Limited,EQ,16-FEB-2024,10,,,,,NSE
INE010A01011,PRSMJOHNSN,Prism Johnson Limited,EQ,20-AUG-2003,10,,,,,NSE
INE010B01027,ZYDUSLIFE,Zydus Lifesciences Limited,EQ,18-APR-2000,1,,,,,NSE
INE010J01012,TEJASNET,Tejas Networks Limited,EQ,27-JUN-2017,10,,,,,NSE
INE010V01017,LTTS,L&T Technology Services Limited,EQ,23-SEP-2016,2,,,,,NSE
INE011E01029,BALUFORGE,Balu Forge Industries Limited,EQ,29-APR-2024,10,,,,,NSE
INE011K01018,TEGA,Tega Industries Limited,EQ,13-DEC-2021,10,,,,,NSE
INE012A01025,ACC,ACC Limited,EQ,20-NOV-1996,10,,,,,NSE
INE012Q01039,RNBDENIMS,R&B Denims Limited,BE,04-SEP-2025,1,,,,,NSE
INE013801027,KSHITIJPOL,Kshitij Polyline Limited,BE,27-JUL-2022,2,,,,,NSE
INE013P01021,ONESOURCE,Onesource Specialty Pharma Limited,EQ,24-JAN-2025,1,,,,,NSE
INE014B01011,TECILCHEM,TECIL Chemicals and Hydro Power Limited,EQ,06-DEC-1995,10,,,,,NSE
INE015B01018,WIMPLAST,Wim Plast Limited,EQ,20-APR-2026,10,,,,,NSE
INE015C01016,TINNARUBR,Tinna Rubber and Infrastructure Limited,EQ,17-APR-2025,10,,,,,NSE
INE015D01022,MANAKSIA,Manaksia Limited,EQ,08-JAN-2008,2,,,,,NSE
INE016A01026,DABUR,Dabur India Limited,EQ,28-APR-1999,1,,,,,NSE
INE016M01021,DNAMEDIA,Diligent Media Corporation Limited,EQ,11-DEC-2017,1,,,,,NSE
INE016Q01014,CEINSYS,Ceinsys Tech Limited,EQ,19-FEB-2026,10,,,,,NSE
INE017A01032,GESHIP,The Great Eastern Shipping Company Limited,EQ,27-NOV-2006,10,,,,,NSE
INE017W01010,SMLT,Sarthak Metals Limited,EQ,25-NOV-2021,10,,,,,NSE
INE018401013,SUVIDHAA,Suvidhaa Infoserve Limited,BE,31-MAR-2021,1,,,,,NSE
INE018A01030,LT,Larsen & Toubro Limited,EQ,23-JUN-2004,2,,,,,NSE
INE018E01016,SBICARD,SBI Cards and Payment Services Limited,EQ,16-MAR-2020,10,,,,,NSE
INE019A01038,JSWSTEEL,JSW Steel Limited,EQ,23-MAR-2005,1,,,,,NSE
INE019C01026,HSCL,Himadri Speciality Chemical Limited,EQ,02-MAR-2007,1,,,,,NSE
INE019J01013,HEALTHX,Health X Platform Limited,EQ,05-OCT-2010,10,,,,,NSE
INE01A001028,STANLEY,Stanley Lifestyles Limited,EQ,28-JUN-2024,2,,,,,NSE
INE01BK01022,AWHCL,Antony Waste Handling Cell Limited,EQ,01-JAN-2021,5,,,,,NSE
INE01C001026,AARTECH,Aartech Solonics Limited,EQ,10-JUL-2023,5,,,,,NSE
INE01EA01019,VMM,Vishal Mega Mart Limited,EQ,18-DEC-2024,10,,,,,NSE
INE01EE01011,BBTCL,B&B Triplewall Containers Limited,EQ,23-NOV-2022,10,,,,,NSE
INE01EG01016,RITCO,Ritco Logistics Limited,EQ,12-APR-2022,10,,,,,NSE
INE01EO01010,SPECTRUM,Spectrum Electrical Industries Limited,EQ,28-MAR-2025,10,,,,,NSE
INE01FR01028,STYLEBAAZA,Baazar Style Retail Limited,EQ,06-SEP-2024,5,,,,,NSE
INE01GN01025,IRISDOREME,Iris Clothings Limited,EQ,22-FEB-2021,2,,,,,NSE
INE01II01013,SILGO,Silgo Retail Limited,EQ,03-MAR-2021,10,,,,,NSE
INE01IU01018,SKYGOLD,SKY GOLD AND DIAMONDS LIMITED,EQ,06-JAN-2023,10,,,,,NSE
INE01JE01028,MARINE,Marine Electricals (India) Limited,EQ,02-DEC-2020,2,,,,,NSE
INE01KI01027,VINNY,Vinny Overseas Limited,EQ,28-NOV-2022,1,,,,,NSE
INE01NE01012,SRD,Shankar Lal Rampal Dye-Chem Limited,EQ,09-OCT-2024,10,,,,,NSE
INE01P501012,XELPMOC,Xelpmoc Design And Tech Limited,EQ,04-FEB-2019,10,,,,,NSE
INE01QM01018,EMUDHRA,eMudhra Limited,EQ,01-JUN-2022,5,,,,,NSE
INE01R501028,VIKRAN,Vikran Engineering Limited,EQ,03-SEP-2025,1,,,,,NSE
INE01TY01017,CANHLIFE,Canara HSBC Life Insurance Company Limited,EQ,17-OCT-2025,10,,,,,NSE
INE020801028,SPENCERS,Spencer's Retail Limited,EQ,25-JAN-2019,5,,,,,NSE
INE020B01018,RECLTD,REC Limited,EQ,12-MAR-2008,10,,,,,NSE
INE020D01022,BAIDFIN,Baid Finserv Limited,EQ,20-JAN-2023,2,,,,,NSE
INE020G01017,INSPIRISYS,Inspirisys Solutions Limited,BE,30-OCT-2006,10,,,,,NSE
INE020J01029,GOKUL,Gokul Refoils and Solvent Limited,EQ,04-JUN-2008,2,,,,,NSE
INE021A01026,ASIANPAINT,Asian Paints Limited,EQ,31-MAY-1995,1,,,,,NSE
INE021O01019,DODLA,Dodla Dairy Limited,EQ,28-JUN-2021,10,,,,,NSE
INE022C01012,EUROTEXIND,Eurotex Industries and Exports Limited,EQ,31-JAN-1996,10,,,,,NSE
INE022I01019,ASIANTILES,Asian Granito India Limited,EQ,23-AUG-2007,10,,,,,NSE
INE022Q01020,IEX,Indian Energy Exchange Limited,EQ,23-OCT-2017,1,,,,,NSE
INE023A01030,NSIL,Nalwa Sons Investments Limited,EQ,17-NOV-2003,10,,,,,NSE
INE023H01027,NECLIFE,Nectar Lifesciences Limited,BE,18-JUL-2005,1,,,,,NSE
INE024001021,AEROFLEX,Aeroflex Industries Limited,EQ,31-AUG-2023,2,,,,,NSE
INE024D01016,PRUDMOULI,Prudential Sugar Corporation Limited,EQ,10-MAY-1995,10,,,,,NSE
INE024F01011,SHILCTECH,Shilchar Technologies Limited,EQ,24-NOV-2025,10,,,,,NSE
INE024L01027,GRAVITA,Gravita India Limited,EQ,16-NOV-2010,2,,,,,NSE
INE025A01027,CONSOFINVT,Consolidated Finvest & Holdings Limited,BE,29-MAR-2005,10,,,,,NSE
INE025B01025,GOLDIAM,Goldiam International Limited,EQ,29-AUG-2005,2,,,,,NSE
INE025R01021,ARTEMISMED,Artemis Medicare Services Limited,EQ,23-JAN-2020,1,,,,,NSE
INE026A01025,GSFC,Gujarat State Fertilizers & Chemicals Limited,EQ,06-SEP-1995,2,,,,,NSE
INE027A01015,RCF,Rashtriya Chemicals and Fertilizers Limited,EQ,07-JAN-1998,10,,,,,NSE
INE027H01010,MAXHEALTH,Max Healthcare Institute Limited,EQ,21-AUG-2020,10,,,,,NSE
INE027T01023,RUDRA,Rudra Global Infra Products Limited,BE,19-DEC-2025,5,,,,,NSE
INE028A01039,BANKBARODA,Bank of Baroda,EQ,19-FEB-1997,2,,,,,NSE
INE029A01011,BPCL,Bharat Petroleum Corporation Limited,EQ,13-SEP-1995,10,,,,,NSE
INE029L01018,KICL,Kalyani Investment Company Limited,EQ,14-JAN-2011,10,,,,,NSE
INE02A801020,ROSSARI,Rossari Biotech Limited,EQ,23-JUL-2020,2,,,,,NSE
INE02AR01019,ANMOL,Anmol India Limited,EQ,04-JUN-2021,10,,,,,NSE
INE02EZ01022,AXITA,Axita Cotton Limited,EQ,21-JUN-2022,1,,,,,NSE
INE02H701025,NOVAAGRI,Nova Agritech Limited,EQ,31-JAN-2024,2,,,,,NSE
INE02ID01020,RAYMONDLSL,Raymond Lifestyle Limited,EQ,05-SEP-2024,2,,,,,NSE
INE02IJ01035,AZAD,Azad Engineering Limited,EQ,28-DEC-2023,2,,,,,NSE
INE02L001032,BOROSCI,Borosil Scientific Limited,EQ,07-JUN-2024,1,,,,,NSE
INE02NC01014,FINOPB,Fino Payments Bank Limited,EQ,12-NOV-2021,10,,,,,NSE
INE02PY01013,BOROLTD,Borosil Limited,EQ,22-JUL-2020,1,,,,,NSE
INE02RE01045,FIRSTCRY,Brainbees Solutions Limited,EQ,13-AUG-2024,2,,,,,NSE
INE02WG01024,WEL,Wonder Electricals Limited,EQ,17-JAN-2022,1,,,,,NSE
INE02YR01019,EMIL,Electronics Mart India Limited,EQ,17-OCT-2022,10,,,,,NSE
INE02ZQ01018,CORONA,CORONA Remedies Limited,EQ,15-DEC-2025,10,,,,,NSE
INE030A01027,HINDUNILVR,Hindustan Unilever Limited,EQ,06-JUL-1995,1,,,,,NSE
INE031A01017,HUDCO,Housing & Urban Development Corporation Limited,EQ,19-MAY-2017,10,,,,,NSE
INE031B01049,AJANTPHARM,Ajanta Pharma Limited,EQ,29-MAY-2000,2,,,,,NSE
INE032A01023,BOMDYEING,Bombay Dyeing & Mfg Company Limited,EQ,26-APR-1995,2,,,,,NSE
INE032B01021,PRIMESECU,Prime Securities Limited,EQ,17-JUN-2005,5,,,,,NSE
INE032Z01020,BSHSL,Bombay Super Hybrid Seeds Limited,BE,28-OCT-2020,1,,,,,NSE
INE034A01011,ARVIND,Arvind Limited,EQ,08-FEB-1995,10,,,,,NSE
INE034D01049,PTL,PTL Enterprises Limited,EQ,29-JAN-2007,1,,,,,NSE
INE034S01021,ARVSMART,Arvind SmartSpaces Limited,EQ,26-AUG-2015,10,,,,,NSE
INE035801013,AERONEU,Aeroflex Neu Limited,EQ,12-JAN-2023,10,,,,,NSE
INE035D01020,SOTL,Savita Oil Technologies Limited,EQ,28-JUN-1995,2,,,,,NSE
INE036B01030,GAEL,Gujarat Ambuja Exports Limited,EQ,11-OCT-2000,1,,,,,NSE
INE036D01028,KARURVYSYA,Karur Vysya Bank Limited,EQ,26-JUL-2000,2,,,,,NSE
INE037A01022,UNIENTER,Uniphos Enterprises Limited,EQ,23-JAN-2004,2,,,,,NSE
INE037B01020,SHARDUL,Shardul Securities Limited,EQ,20-APR-2026,2,,,,,NSE
INE037Z01029,CEWATER,Concord Enviro Systems Limited,EQ,27-DEC-2024,5,,,,,NSE
INE038A01020,HINDALCO,Hindalco Industries Limited,EQ,08-JAN-1997,1,,,,,NSE
INE038F01029,TVTODAY,TV Today Network Limited,EQ,16-JAN-2004,5,,,,,NSE
INE039A01010,IFCI,IFCI Limited,EQ,26-APR-1995,10,,,,,NSE
INE039B01026,CINEVISTA,Cinevista Limited,EQ,02-MAY-2000,2,,,,,NSE
INE039C01032,JAMNAAUTO,Jamna Auto Industries Limited,EQ,10-DEC-2010,1,,,,,NSE
INE039O01029,JASH,Jash Engineering Limited,EQ,30-OCT-2019,2,,,,,NSE
INE03CC01015,JUBLCPL,Jubilant Agri and Consumer Products Limited,EQ,14-FEB-2025,10,,,,,NSE
INE03DD01011,RETAIL,JHS Svendgaard Retail Ventures Limited,EQ,26-JUN-2024,10,,,,,NSE
INE03EI01018,MAXESTATES,Max Estates Limited,EQ,30-OCT-2023,10,,,,,NSE
INE03HW01020,VLEGOV,VL E-Governance & IT Solutions Limited,BE,14-AUG-2023,10,,,,,NSE
INE03JI01017,DGCONTENT,Digicontent Limited,EQ,18-JUN-2019,2,,,,,NSE
INE03JT01014,GODIGIT,Go Digit General Insurance Limited,EQ,23-MAY-2024,10,,,,,NSE
INE03NU01014,BRIGHOTEL,Brigade Hotel Ventures Limited,EQ,31-JUL-2025,10,,,,,NSE
INE03Q201024,ALIVUS,Alivus Life Sciences Limited,EQ,06-AUG-2021,2,,,,,NSE
INE03QK01018,COHANCE,Cohance Lifesciences Limited,EQ,09-MAR-2020,1,,,,,NSE
INE03RS01027,DRCSYSTEMS,DRC Systems India Limited,EQ,10-MAR-2021,1,,,,,NSE
INE03V001013,UNIVPHOTO,Universus Photo Imagings Limited,BE,14-FEB-2020,10,,,,,NSE
INE03YM01018,CHEMCON,Chemcon Speciality Chemicals Limited,EQ,01-OCT-2020,10,,,,,NSE
INE040A01034,HDFCBANK,HDFC Bank Limited,EQ,08-NOV-1995,1,,,,,NSE
INE040D01038,MAYURUNIQ,Mayur Uniquoters Ltd,EQ,25-SEP-2012,5,,,,,NSE
INE040H01021,SUZLON,Suzlon Energy Limited,EQ,19-OCT-2005,2,,,,,NSE
INE040M01013,TREEHOUSE,Tree House Education & Accessories Limited,BE,26-AUG-2011,10,,,,,NSE
INE041A01016,DHAMPURSUG,Dhampur Sugar Mills Limited,EQ,29-MAR-1995,10,,,,,NSE
INE042A01014,ESCORTS,Escorts Kubota Limited,EQ,01-MAR-1995,10,,,,,NSE
INE043A01012,GTL,GTL Limited,BE,29-MAR-1995,10,,,,,NSE
INE043C01018,IVP,IVP Limited,EQ,13-SEP-1995,10,,,,,NSE
INE043W01024,VIJAYA,Vijaya Diagnostic Centre Limited,EQ,14-SEP-2021,1,,,,,NSE
INE044A01036,SUNPHARMA,Sun Pharmaceutical Industries Limited,EQ,08-FEB-1995,1,,,,,NSE
INE045601023,PARAS,Paras Defence and Space Technologies Limited,EQ,01-OCT-2021,5,,,,,NSE
INE045A01017,ADOR,Ador Welding Limited,EQ,10-MAY-1995,10,,,,,NSE
INE045B01015,NELCO,NELCO Limited,EQ,28-MAY-2003,10,,,,,NSE
INE045J01034,FCL,Fineotex Chemical Limited,EQ,15-JAN-2015,1,,,,,NSE
INE046A01015,RIIL,Reliance Industrial Infrastructure Limited,EQ,29-NOV-1995,10,,,,,NSE
INE046W01019,MUTHOOTMF,Muthoot Microfin Limited,EQ,26-DEC-2023,10,,,,,NSE
INE047A01021,GRASIM,Grasim Industries Limited,EQ,10-MAY-1995,2,,,,,NSE
INE047B01011,GILLANDERS,Gillanders Arbuthnot & Company Limited,EQ,14-DEC-2009,10,,,,,NSE
INE047O01014,NIBL,NRB Industrial Bearings Limited,EQ,09-APR-2013,2,,,,,NSE
INE048B01035,JAGSNPHARM,Jagsonpal Pharmaceuticals Limited,EQ,01-MAR-2000,2,,,,,NSE
INE048C01025,VHLTD,Viceroy Hotels Limited,BE,03-APR-2024,10,,,,,NSE
INE048G01026,NAVINFLUOR,Navin Fluorine International Limited,EQ,01-JUN-2007,2,,,,,NSE
INE049A01027,HIMATSEIDE,Himatsingka Seide Limited,EQ,08-FEB-1995,5,,,,,NSE
INE049B01025,WOCKPHARMA,Wockhardt Limited,EQ,23-FEB-2000,5,,,,,NSE
INE049I01012,NAHARCAP,Nahar Capital and Financial Services Limited,EQ,11-MAR-2008,5,,,,,NSE
INE04AK01028,SBC,SBC Exports Limited,EQ,23-NOV-2021,1,,,,,NSE
INE04I401011,KPITTECH,KPIT Technologies Limited,EQ,22-APR-2019,10,,,,,NSE
INE04LG01015,PAR,Par Drugs And Chemicals Limited,EQ,16-SEP-2021,10,,,,,NSE
INE04TZ01018,ETHOSLTD,Ethos Limited,EQ,30-MAY-2022,10,,,,,NSE
INE04VU01023,STYL,Seshaasai Technologies Limited,EQ,30-SEP-2025,10,,,,,NSE
INE050001010,PPL,Prakash Pipes Limited,EQ,14-JUN-2019,10,,,,,NSE
INE050401020,ELIN,Elin Electronics Limited,EQ,30-DEC-2022,5,,,,,NSE
INE050A01025,BBTC,The Bombay Burmah Trading Corporation Limited,EQ,03-APR-1996,2,,,,,NSE
INE050B01023,IVC,IL&FS Investment Managers Limited,EQ,15-SEP-1999,2,,,,,NSE
INE050E01027,BALAMINES,Balaji Amines Limited,EQ,05-APR-2007,2,,,,,NSE
INE050H01012,RML,Rane (Madras) Limited,EQ,30-AUG-2005,10,,,,,NSE
INE050M01012,VSSL,Vardhman Special Steels Limited,EQ,17-MAY-2012,10,,,,,NSE
INE051B01021,VAKRANGEE,Vakrangee Limited,EQ,03-APR-2006,1,,,,,NSE
INE052A01021,WINDMACHIN,Windsor Machines Limited,EQ,17-AUG-2011,2,,,,,NSE
INE052I01032,CAMLINFINE,Camlin Fine Sciences Limited,EQ,20-JAN-2015,1,,,,,NSE
INE052T01021,BESTAGRO,Best Agrolife Limited,EQ,10-APR-2024,1,,,,,NSE
INE053A01029,INDHOTEL,The Indian Hotels Company Limited,EQ,03-JUL-1996,1,,,,,NSE
INE053F01010,IRFC,Indian Railway Finance Corporation Limited,EQ,29-JAN-2021,10,,,,,NSE
INE054301028,ODIGMA,Odigma Consultancy Solutions Limited,BE,12-DEC-2024,1,,,,,NSE
INE054A01027,VIPIND,VIP Industries Limited,EQ,02-MAR-2005,2,,,,,NSE
INE055A01016,ABREL,Aditya Birla Real Estate Limited,EQ,27-JUN-2003,10,,,,,NSE
INE055C01020,KEEPLEARN,DSJ Keep Learning Limited,EQ,01-MAR-1995,1,,,,,NSE
INE055S01018,CYIENTDLM,Cyient DLM Limited,EQ,10-JUL-2023,10,,,,,NSE
INE056801025,IVALUE,Ivalue Infosolutions Limited,EQ,25-SEP-2025,2,,,,,NSE
INE056I01025,REFEX,Refex Industries Limited,EQ,03-DEC-2009,2,,,,,NSE
INE058A01010,SANOFI,Sanofi India Limited,EQ,19-MAY-2003,10,,,,,NSE
INE058B01018,ZENITHEXPO,Zenith Exports Limited,EQ,10-JUL-1996,10,,,,,NSE
INE059A01026,CIPLA,Cipla Limited,EQ,08-FEB-1995,2,,,,,NSE
INE059B01024,SIMPLEXINF,Simplex Infrastructures Limited,EQ,09-MAR-2004,2,,,,,NSE
INE059D01020,LAOPALA,La Opala RG Limited,EQ,16-MAR-2007,2,,,,,NSE
INE05AN01011,HINDWAREAP,Hindware Home Innovation Limited,EQ,26-DEC-2019,2,,,,,NSE
INE05CZ01011,RATNAVEER,Ratnaveer Precision Engineering Limited,EQ,11-SEP-2023,10,,,,,NSE
INE05HV01027,CMPDI,Central Mine Planning & Design Institute Limited,EQ,30-MAR-2026,2,,,,,NSE
INE05J901018,IGCL,Indogulf Cropsciences Limited,EQ,03-JUL-2025,10,,,,,NSE
INE05ST01028,SBGLP,Suratwwala Business Group Limited,EQ,10-FEB-2023,1,,,,,NSE
INE05TO01019,AMIRCHAND,Amir Chand Jagdish Kumar (Exports) Limited,EQ,02-APR-2026,10,,,,,NSE
INE05X901010,HPIL,Hindprakash Industries Limited,EQ,07-NOV-2022,10,,,,,NSE
INE05XR01022,BHARATCOAL,Bharat Coking Coal Limited,EQ,19-JAN-2026,10,,,,,NSE
INE060901027,LIKHITHA,Likhitha Infrastructure Limited,BE,15-OCT-2020,5,,,,,NSE
INE060A01024,NAVNETEDUL,Navneet Education Limited,EQ,08-FEB-1995,2,,,,,NSE
INE060B01014,KHANDSE,Khandwala Securities Limited,EQ,07-FEB-2001,10,,,,,NSE
INE060J01017,FLEXITUFF,Flexituff Ventures International Limited,EQ,19-OCT-2011,10,,,,,NSE
INE060X01034,DEVIT,Dev Information Technology Limited,EQ,15-FEB-2022,2,,,,,NSE
INE061A01014,INDIANCARD,Indian Card Clothing Company Limited,EQ,08-JAN-1997,10,,,,,NSE
INE061F01013,FORTIS,Fortis Healthcare Limited,EQ,09-MAY-2007,10,,,,,NSE
INE062A01020,SBIN,State Bank of India,EQ,01-MAR-1995,1,,,,,NSE
INE062D01024,ALICON,Alicon Castalloy Limited,EQ,29-SEP-2006,5,,,,,NSE
INE063E01053,POCL,Pondy Oxides & Chemicals Limited,EQ,06-MAR-2023,5,,,,,NSE
INE063P01018,EQUITASBNK,Equitas Small Finance Bank Limited,EQ,02-NOV-2020,10,,,,,NSE
INE064A01026,TIMEX,Timex Group India Limited,EQ,20-APR-2026,1,,,,,NSE
INE064C01022,TRIDENT,Trident Limited,EQ,21-FEB-2001,1,,,,,NSE
INE065D01027,AEROENTER,Aeroflex Enterprises Limited,EQ,21-NOV-2022,2,,,,,NSE
INE065J01024,TPHQ,Teamo Productions HQ Limited,EQ,30-JAN-2009,1,,,,,NSE
INE065X01017,INDGN,Indegene Limited,EQ,13-MAY-2024,2,,,,,NSE
INE066A01021,EICHERMOT,Eicher Motors Limited,EQ,07-SEP-2004,1,,,,,NSE
INE066F01020,HAL,Hindustan Aeronautics Limited,EQ,28-MAR-2018,5,,,,,NSE
INE066O01014,WONDERLA,Wonderla Holidays Limited,EQ,09-MAY-2014,10,,,,,NSE
INE066P01011,INOXWIND,Inox Wind Limited,EQ,09-APR-2015,10,,,,,NSE
INE067A01029,CGPOWER,CG Power and Industrial Solutions Limited,EQ,01-MAR-1995,2,,,,,NSE
INE068L01024,CANTABIL,Cantabil Retail India Limited,EQ,12-OCT-2010,2,,,,,NSE
INE068V01023,GLAND,Gland Pharma Limited,EQ,20-NOV-2020,1,,,,,NSE
INE069I01010,EMBDL,Embassy Developments Limited,EQ,23-MAR-2007,2,,,,,NSE
INE06HJ01020,ECOSMOBLTY,Ecos (India) Mobility & Hospitality Limited,EQ,04-SEP-2024,2,,,,,NSE
INE06IR01021,OSIAHYPER,Osia Hyper Retail Limited,BE,01-DEC-2022,1,,,,,NSE
INE06ST01018,INDIQUBE,Indiqube Spaces Limited,EQ,30-JUL-2025,1,,,,,NSE
INE06WU01026,LAXMIINDIA,Laxmi India Finance Limited,BE,05-AUG-2025,5,,,,,NSE
INE06XZ01023,GEMAROMA,Gem Aromatics Limited,BE,26-AUG-2025,2,,,,,NSE
INE06ZD01017,SHANTIGOLD,Shanti Gold International Limited,EQ,01-AUG-2025,10,,,,,NSE
INE070A01015,SHREECEM,SHREE CEMENT LIMITED,EQ,26-APR-1995,10,,,,,NSE
INE070C01037,COMPINFO,Compuage Infocom Limited,BZ,07-JUL-2016,2,,,,,NSE
INE070D01027,JAICORPLTD,Jai Corp Limited,EQ,26-NOV-1997,1,,,,,NSE
INE070I01018,INSECTICID,Insecticides (India) Limited,EQ,30-MAY-2007,10,,,,,NSE
INE071D01033,MENONBE,Menon Bearings Limited,EQ,09-MAR-2015,1,,,,,NSE
INE071E01023,UGARSUGAR,The Ugar Sugar Works Limited,EQ,23-AUG-2010,1,,,,,NSE
INE071F01012,APCL,Anjani Portland Cement Limited,EQ,10-APR-2017,10,,,,,NSE
INE071N01016,EPIGRAL,Epigral Limited,EQ,18-AUG-2021,10,,,,,NSE
INE073D01013,SUNDRMBRAK,Sundaram Brake Linings Limited,EQ,17-JUL-1996,10,,,,,NSE
INE073G01016,ASALCBR,Associated Alcohols & Breweries Ltd.,EQ,12-FEB-2020,10,,,,,NSE
INE073K01018,SONACOMS,Sona BLW Precision Forgings Limited,EQ,24-JUN-2021,10,,,,,NSE
INE073V01015,COMSYN,Commercial Syn Bags Limited,EQ,23-JAN-2024,10,,,,,NSE
INE074A01025,PRAJIND,Praj Industries Limited,EQ,11-OCT-1995,2,,,,,NSE
INE074B01023,PARACABLES,Paramount Communications Limited,EQ,03-JAN-2007,2,,,,,NSE
INE075A01022,WIPRO,Wipro Limited,EQ,08-NOV-1995,2,,,,,NSE
INE075B01020,SICALLOG,Sical Logistics Limited,BE,12-OCT-2023,10,,,,,NSE
INE075D01018,GMBREW,GM Breweries Limited,EQ,23-AUG-1995,10,,,,,NSE
INE075I01017,HCG,Healthcare Global Enterprises Limited,EQ,30-MAR-2016,10,,,,,NSE
INE076B01028,SIYSIL,Siyaram Silk Mills Limited,EQ,29-JAN-2007,2,,,,,NSE
INE076C01018,IFBAGRO,IFB Agro Industries Limited,EQ,03-APR-1996,10,,,,,NSE
INE077F01035,GOCLCORP,GOCL Corporation Limited,EQ,26-JUN-2014,2,,,,,NSE
INE077P01034,THACKER,Thacker & Company Limited,EQ,20-APR-2026,1,,,,,NSE
INE078V01014,VIKRAMSOLR,Vikram Solar Limited,EQ,26-AUG-2025,10,,,,,NSE
INE079A01024,AMBUJACEM,Ambuja Cements Limited,EQ,18-FEB-1998,2,,,,,NSE
INE079J01017,GATEWAY,Gateway Distriparks Limited,EQ,22-MAR-2022,10,,,,,NSE
INE07K301024,ZAGGLE,Zaggle Prepaid Ocean Services Limited,EQ,22-SEP-2023,1,,,,,NSE
INE07O001026,EASEMYTRIP,Easy Trip Planners Limited,EQ,19-MAR-2021,1,,,,,NSE
INE07OG01012,NDRAUTO,Ndr Auto Components Limited,EQ,30-JUL-2020,10,,,,,NSE
INE07RO01027,SUPRIYA,Supriya Lifescience Limited,EQ,28-DEC-2021,2,,,,,NSE
INE07S101038,PAVNAIND,Pavna Industries Limited,BE,01-JUN-2023,1,,,,,NSE
INE07T201019,RBA,Restaurant Brands Asia Limited,EQ,14-DEC-2020,10,,,,,NSE
INE07U701015,IRMENERGY,IRM Energy Limited,EQ,26-OCT-2023,10,,,,,NSE
INE07Y701011,POWERINDIA,Hitachi Energy India Limited,EQ,30-MAR-2020,2,,,,,NSE
INE080A01014,WEIZMANIND,Weizmann Limited,EQ,10-MAY-1995,10,,,,,NSE
INE080B01012,KOHINOOR,Kohinoor Foods Limited,EQ,20-OCT-1999,10,,,,,NSE
INE080I01025,LLOYDSENT,Lloyds Enterprises Limited,EQ,17-OCT-2024,1,,,,,NSE
INE081A01020,TATASTEEL,Tata Steel Limited,EQ,18-NOV-1998,1,,,,,NSE
INE081G01019,KANCHI,Kanchi Karpooram Limited,BE,20-APR-2026,10,,,,,NSE
INE082A01010,KOPRAN,Kopran Limited,EQ,09-JUN-1999,10,,,,,NSE
INE082W01014,WEWIN,WE WIN LIMITED,BE,15-JUN-2022,10,,,,,NSE
INE083A01026,MOREPENLAB,Morepen Laboratories Limited,EQ,24-NOV-1999,2,,,,,NSE
INE083B01024,THEMISMED,Themis Medicare Limited,EQ,02-APR-2007,1,,,,,NSE
INE083C01022,PLASTIBLEN,Plastiblends India Limited,EQ,28-DEC-2006,5,,,,,NSE
INE083D01012,BALPHARMA,Bal Pharma Limited,EQ,08-MAY-2006,10,,,,,NSE
INE083K01017,BENGALASM,Bengal & Assam Company Limited,EQ,20-APR-2026,10,,,,,NSE
INE084A01016,BANKINDIA,Bank of India,EQ,30-APR-1997,10,,,,,NSE
INE084K01015,AMANTA,Amanta Healthcare Limited,EQ,09-SEP-2025,10,,,,,NSE
INE084Q01012,RACE,Race Eco Chain Limited,BE,09-MAY-2023,10,,,,,NSE
INE085001019,WEWORK,WeWork India Management Limited,EQ,10-OCT-2025,10,,,,,NSE
INE085A01013,CHAMBLFERT,Chambal Fertilizers & Chemicals Limited,EQ,14-JUN-1995,10,,,,,NSE
INE085D01033,METROGLOBL,Metroglobal Limited,EQ,20-APR-2026,10,,,,,NSE
INE085J01014,THANGAMAYL,Thangamayil Jewellery Limited,EQ,19-FEB-2010,10,,,,,NSE
INE086A01029,ELECTCAST,Electrosteel Castings Limited,EQ,20-JUN-2003,1,,,,,NSE
INE087A01019,KESORAMIND,Kesoram Industries Limited,EQ,06-SEP-1995,10,,,,,NSE
INE087B01017,ANIKINDS,Anik Industries Limited,BE,21-MAY-2008,10,,,,,NSE
INE087H01022,RENUKA,Shree Renuka Sugars Limited,EQ,31-OCT-2005,1,,,,,NSE
INE087Z01024,AAKASH,Aakash Exploration Services Limited,BE,29-SEP-2020,1,,,,,NSE
INE088F01024,PARADEEP,Paradeep Phosphates Limited,EQ,27-MAY-2022,10,,,,,NSE
INE089A01031,DRREDDY,Dr. Reddy's Laboratories Limited,EQ,30-MAY-2003,1,,,,,NSE
INE089C01029,STLTECH,Sterlite Technologies Limited,BE,08-DEC-2000,2,,,,,NSE
INE08KJ01020,MUFIN,Mufin Green Finance Limited,EQ,06-NOV-2023,1,,,,,NSE
INE08KP01019,DCMNVL,DCM Nouvelle Limited,EQ,16-JUL-2019,10,,,,,NSE
INE08LI01020,KRSNAA,Krsnaa Diagnostics Limited,EQ,16-AUG-2021,5,,,,,NSE
INE08N601015,MBEL,M & B Engineering Limited,EQ,06-AUG-2025,10,,,,,NSE
INE08NE01025,SANSTAR,Sanstar Limited,EQ,26-JUL-2024,2,,,,,NSE
INE08PH01015,ABCOTS,A B Cotspin India Limited,EQ,24-SEP-2025,10,,,,,NSE
INE08U801020,SAMHI,Samhi Hotels Limited,EQ,22-SEP-2023,1,,,,,NSE
INE08ZM01014,GREENPANEL,Greenpanel Industries Limited,EQ,23-OCT-2019,1,,,,,NSE
INE090501011,SCODATUBES,Scoda Tubes Limited,EQ,04-JUN-2025,10,,,,,NSE
INE090A01021,ICICIBANK,ICICI Bank Limited,EQ,17-SEP-1997,2,,,,,NSE
INE090B01011,OMAXAUTO,Omax Autos Limited,BE,20-FEB-2003,10,,,,,NSE
INE091G01026,JAIBALAJI,Jai Balaji Industries Limited,EQ,09-DEC-2003,2,,,,,NSE
INE092A01019,TATACHEM,Tata Chemicals Limited,EQ,01-APR-1999,10,,,,,NSE
INE092B01025,INDNIPPON,India Nippon Electricals Limited,EQ,07-MAY-1997,5,,,,,NSE
INE092T01019,IDFCFIRSTB,IDFC First Bank Limited,EQ,06-NOV-2015,10,,,,,NSE
INE093A01041,HEXT,Hexaware Technologies Limited,EQ,19-FEB-2025,1,,,,,NSE
INE093I01010,OBEROIRLTY,Oberoi Realty Limited,EQ,20-OCT-2010,10,,,,,NSE
INE093R01011,LLOYDSENGG,LLOYDS ENGINEERING WORKS LIMITED,EQ,18-JUL-2016,1,,,,,NSE
INE094A01015,HINDPETRO,Hindustan Petroleum Corporation Limited,EQ,17-JUN-1998,10,,,,,NSE
INE094B01013,ASHIKA,Ashika Credit Capital Limited,EQ,20-APR-2026,10,,,,,NSE
INE094I01018,KOLTEPATIL,Kolte - Patil Developers Limited,EQ,13-DEC-2007,10,,,,,NSE
INE094J01016,UTIAMC,UTI Asset Management Company Limited,EQ,12-OCT-2020,10,,,,,NSE
INE095A01012,INDUSINDBK,IndusInd Bank Limited,EQ,28-JAN-1998,10,,,,,NSE
INE095I01015,PPAP,PPAP Automotive Limited,EQ,11-JAN-2008,10,,,,,NSE
INE095N01031,NBCC,NBCC (India) Limited,EQ,12-APR-2012,1,,,,,NSE
INE096B01018,NUCLEUS,Nucleus Software Exports Limited,EQ,19-DEC-2002,10,,,,,NSE
INE098201036,VCL,Vaxtex Cotfab Limited,EQ,19-APR-2022,1,,,,,NSE
INE098F01031,AMRUTANJAN,Amrutanjan Health Care Limited,EQ,02-JAN-2015,1,,,,,NSE
INE099F01013,SREEL,Sreeleathers Limited,EQ,01-JAN-2014,10,,,,,NSE
INE099G01011,SCANSTL,Scan Steels Limited,EQ,20-APR-2026,10,,,,,NSE
INE099Z01011,MIDHANI,Mishra Dhatu Nigam Limited,EQ,04-APR-2018,10,,,,,NSE
INE09E501017,RVHL,Ravinder Heights Limited,EQ,18-DEC-2020,1,,,,,NSE
INE09EO01013,AARTISURF,Aarti Surfactants Limited,EQ,14-JUL-2020,10,,,,,NSE
INE09KD01013,ATAM,Atam Valves Limited,EQ,10-MAY-2023,10,,,,,NSE
INE09N301011,FLUOROCHEM,Gujarat Fluorochemicals Limited,EQ,16-OCT-2019,1,,,,,NSE
INE09VQ01012,INDIGOPNTS,Indigo Paints Limited,EQ,02-FEB-2021,10,,,,,NSE
INE09XN01023,AKUMS,Akums Drugs and Pharmaceuticals Limited,EQ,06-AUG-2024,2,,,,,NSE
INE0A0S01028,SIGMA,Sigma Solve Limited,EQ,09-JUN-2023,1,,,,,NSE
INE0A1101019,DCI,Dc Infotech And Communication Limited,BE,19-OCT-2022,10,,,,,NSE
INE0ADB01012,INNOVISION,Innovision Limited,EQ,23-MAR-2026,10,,,,,NSE
INE0AE001013,VPRPL,Vishnu Prakash R Punglia Limited,BE,05-SEP-2023,10,,,,,NSE
INE0AG901020,CEIGALL,Ceigall India Limited,EQ,08-AUG-2024,5,,,,,NSE
INE0AJG01018,HEMIPROP,Hemisphere Properties India Limited,EQ,22-OCT-2020,10,,,,,NSE
INE0ALI01010,ADVAIT,Advait Energy Transitions Limited,EQ,20-JAN-2026,10,,,,,NSE
INE0ALR01029,ATALREAL,Atal Realtech Limited,EQ,12-MAY-2023,2,,,,,NSE
INE0APB01032,MGEL,Mangalam Global Enterprise Limited,EQ,23-DEC-2020,1,,,,,NSE
INE0AQ201015,THELEELA,Leela Palaces Hotels & Resorts Limited,EQ,02-JUN-2025,10,,,,,NSE
INE0ATZ01017,KRONOX,Kronox Lab Sciences Limited,EQ,10-JUN-2024,10,,,,,NSE
INE0B1K01014,DJML,DJ Mediaprint & Logistics Limited,BE,05-DEC-2022,10,,,,,NSE
INE0B9A01018,BONLON,Bonlon Industries Limited,EQ,20-FEB-2026,10,,,,,NSE
INE0B9K01025,BANSALWIRE,Bansal Wire Industries Limited,EQ,10-JUL-2024,5,,,,,NSE
INE0BJS01011,GOCOLORS,Go Fashion (India) Limited,EQ,30-NOV-2021,10,,,,,NSE
INE0BS701011,PREMIERENE,Premier Energies Limited,EQ,03-SEP-2024,1,,,,,NSE
INE0BTI01037,KAMOPAINTS,Kamdhenu Ventures Limited,BE,24-JAN-2023,1,,,,,NSE
INE0BTM01013,SECMARK,SecMark Consultancy Limited,BE,16-OCT-2023,10,,,,,NSE
INE0BV301023,MAPMYINDIA,C.E. Info Systems Limited,EQ,21-DEC-2021,2,,,,,NSE
INE0BWX01014,AETHER,Aether Industries Limited,EQ,03-JUN-2022,10,,,,,NSE
INE0BX301013,PROSTARM,Prostarm Info Systems Limited,EQ,03-JUN-2025,10,,,,,NSE
INE0BY001018,JUBLINGREA,Jubilant Ingrevia Limited,EQ,19-MAR-2021,1,,,,,NSE
INE0BYP01024,OSWALPUMPS,Oswal Pumps Limited,EQ,20-JUN-2025,1,,,,,NSE
INE0CAZ01013,URBANCO,Urban Company Limited,EQ,17-SEP-2025,1,,,,,NSE
INE0CG401037,MUKKA,Mukka Proteins Limited,EQ,07-MAR-2024,1,,,,,NSE
INE0CG601016,MAXIND,Max India Limited,EQ,28-AUG-2020,10,,,,,NSE
INE0CHO01012,ADL,Archidply Decor Limited,EQ,01-OCT-2020,10,,,,,NSE
INE0CJD01029,KMEW,Knowledge Marine & Engineering Works Limited,EQ,14-NOV-2024,5,,,,,NSE
INE0CJF01024,WCIL,Western Carriers (India) Limited,EQ,24-SEP-2024,5,,,,,NSE
INE0CLI01024,RATEGAIN,Rategain Travel Technologies Limited,EQ,17-DEC-2021,1,,,,,NSE
INE0CT101020,MOL,Meghmani Organics Limited,EQ,18-AUG-2021,1,,,,,NSE
INE0CU601026,GMRP&UI,GMR Power and Urban Infra Limited,EQ,23-MAR-2022,5,,,,,NSE
INE0CZ201020,ANTHEM,Anthem Biosciences Limited,EQ,21-JUL-2025,2,,,,,NSE
INE0D0K01022,SIGACHI,Sigachi Industries Limited,BE,15-NOV-2021,1,,,,,NSE
INE0D0U01013,AAATECH,AAA Technologies Limited,EQ,28-NOV-2022,10,,,,,NSE
INE0D6701023,IPL,India Pesticides Limited,EQ,05-JUL-2021,1,,,,,NSE
INE0D6I01023,KSOLVES,Ksolves India Limited,EQ,23-SEP-2022,5,,,,,NSE
INE0DAB01012,RVTH,Revathi Equipment India Limited,EQ,11-SEP-2024,10,,,,,NSE
INE0DD101019,RAILTEL,Railtel Corporation Of India Limited,EQ,26-FEB-2021,10,,,,,NSE
INE0DK501011,PPLPHARMA,Piramal Pharma Limited,EQ,19-OCT-2022,10,,,,,NSE
INE0DNW01011,FAIRCHEMOR,Fairchem Organics Limited,EQ,24-DEC-2020,10,,,,,NSE
INE0DSF01015,NURECA,Nureca Limited,EQ,25-FEB-2021,10,,,,,NSE
INE0DUT01020,INNOVACAP,Innova Captab Limited,EQ,29-DEC-2023,10,,,,,NSE
INE0DYJ01015,SYRMA,Syrma SGS Technology Limited,EQ,26-AUG-2022,10,,,,,NSE
INE0E7301029,WAKEFIT,Wakefit Innovations Limited,EQ,15-DEC-2025,1,,,,,NSE
INE0ECP01024,HMAAGRO,HMA Agro Industries Limited,EQ,04-JUL-2023,1,,,,,NSE
INE0EEJ01023,BTML,Bodhi Tree Multimedia Limited,EQ,15-FEB-2023,1,,,,,NSE
INE0EK901012,TARC,TARC Limited,EQ,18-DEC-2020,2,,,,,NSE
INE0FFK01017,NPST,Network People Services Technologies Limited,EQ,30-APR-2025,10,,,,,NSE
INE0FHS01024,DEEPINDS,Deep Industries Limited,EQ,27-APR-2021,5,,,,,NSE
INE0FRK01020,MOTISONS,Motisons Jewellers Limited,EQ,26-DEC-2023,1,,,,,NSE
INE0FS801015,MSUMI,Motherson Sumi Wiring India Limited,EQ,28-MAR-2022,1,,,,,NSE
INE0FW001016,MARKOLINES,Markolines Pavement Technologies Limited,EQ,14-OCT-2025,10,,,,,NSE
INE0G1L01017,LEMERITE,Le Merite Exports Limited,EQ,12-DEC-2025,10,,,,,NSE
INE0G5901015,EPACK,EPACK Durable Limited,EQ,30-JAN-2024,10,,,,,NSE
INE0GFE01026,EXXARO,Exxaro Tiles Limited,EQ,16-AUG-2021,1,,,,,NSE
INE0GGO01015,KRISHIVAL,Krishival Foods Limited,EQ,20-JUN-2025,10,,,,,NSE
INE0GIU01018,UMAEXPORTS,Uma Exports Limited,BE,07-APR-2022,10,,,,,NSE
INE0GK401011,TATVA,Tatva Chintan Pharma Chem Limited,EQ,29-JUL-2021,10,,,,,NSE
INE0GSL01024,HPAL,HP Adhesives Limited,EQ,27-DEC-2021,2,,,,,NSE
INE0GV601021,ALLTIME,All Time Plastics Limited,EQ,14-AUG-2025,2,,,,,NSE
INE0H5O01029,WINDLAS,Windlas Biotech Limited,EQ,16-AUG-2021,5,,,,,NSE
INE0H9F01037,SAIPARENT,Sai Parenterals Limited,EQ,02-APR-2026,5,,,,,NSE
INE0H9P01028,ARIS,Arisinfra Solutions Limited,EQ,25-JUN-2025,2,,,,,NSE
INE0HF201011,FABTECH,Fabtech Technologies Limited,EQ,07-OCT-2025,10,,,,,NSE
INE0HLU01028,MOBIKWIK,One Mobikwik Systems Limited,EQ,18-DEC-2024,2,,,,,NSE
INE0HMF01019,TRACXN,Tracxn Technologies Limited,EQ,20-OCT-2022,1,,,,,NSE
INE0HOQ01053,GROWW,Billionbrains Garage Ventures Limited,EQ,12-NOV-2025,2,,,,,NSE
INE0HR601026,DDEVPLSTIK,Ddev Plastiks Industries Limited,EQ,15-JAN-2025,1,,,,,NSE
INE0HV901016,IXIGO,Le Travenues Technology Limited,EQ,18-JUN-2024,1,,,,,NSE
INE0I0M01023,PRABHA,Prabha Energy Limited,EQ,19-MAR-2025,1,,,,,NSE
INE0I3401014,DBOL,Dhampur Bio Organics Limited,BE,08-SEP-2022,10,,,,,NSE
INE0I7C01011,LATENTVIEW,Latent View Analytics Limited,EQ,23-NOV-2021,1,,,,,NSE
INE0ILV01024,CAPILLARY,Capillary Technologies India Limited,EQ,21-NOV-2025,2,,,,,NSE
INE0INJ01017,PLAZACABLE,Plaza Wires Limited,BE,12-OCT-2023,10,,,,,NSE
INE0INX01018,AEGISVOPAK,Aegis Vopak Terminals Limited,EQ,02-JUN-2025,10,,,,,NSE
INE0IQ001011,VERANDA,Veranda Learning Solutions Limited,EQ,11-APR-2022,10,,,,,NSE
INE0IX101010,DATAPATTNS,Data Patterns (India) Limited,EQ,24-DEC-2021,2,,,,,NSE
INE0J0B01017,KOTYARK,Kotyark Industries Limited,EQ,12-MAR-2026,10,,,,,NSE
INE0J1F01024,RPTECH,Rashi Peripherals Limited,EQ,14-FEB-2024,5,,,,,NSE
INE0J1Y01017,LICI,Life Insurance Corporation Of India,EQ,17-MAY-2022,10,,,,,NSE
INE0J5401028,HONASA,Honasa Consumer Limited,EQ,07-NOV-2023,10,,,,,NSE
INE0J5601015,KRISHNADEF,Krishna Defence And Allied Industries Limited,EQ,30-DEC-2025,10,,,,,NSE
INE0J5801029,JSLL,Jeena Sikho Lifecare Limited,EQ,11-AUG-2025,2,,,,,NSE
INE0JA001018,VENUSPIPES,Venus Pipes & Tubes Limited,EQ,24-MAY-2022,10,,,,,NSE
INE0JM501013,NRL,Nupur Recyclers Limited,EQ,12-JAN-2023,10,,,,,NSE
INE0JO301016,YATHARTH,Yatharth Hospital & Trauma Care Services Limited,EQ,07-AUG-2023,10,,,,,NSE
INE0JPD01013,SANATHAN,Sanathan Textiles Limited,EQ,27-DEC-2024,10,,,,,NSE
INE0JR601024,YATRA,Yatra Online Limited,EQ,28-SEP-2023,1,,,,,NSE
INE0JS101016,DREAMFOLKS,Dreamfolks Services Limited,EQ,06-SEP-2022,2,,,,,NSE
INE0JSX01015,GSLSU,Global Surfaces Limited,EQ,23-MAR-2023,10,,,,,NSE
INE0JUS01029,HARSHA,Harsha Engineers International Limited,EQ,26-SEP-2022,10,,,,,NSE
INE0JVO01026,GARUDA,Garuda Construction and Engineering Limited,EQ,15-OCT-2024,5,,,,,NSE
INE0JWS01017,VALIANTLAB,Valiant Laboratories Limited,BE,06-OCT-2023,10,,,,,NSE
INE0JYY01011,MWL,Mangalam Worldwide Limited,EQ,18-SEP-2025,10,,,,,NSE
INE0KBH01020,BLUEJET,Blue Jet Healthcare Limited,EQ,01-NOV-2023,2,,,,,NSE
INE0KCE01017,EUREKAFORB,Eureka Forbes Limited,EQ,11-SEP-2024,10,,,,,NSE
INE0KGZ01021,SIGNPOST,Signpost India Limited,EQ,14-FEB-2024,2,,,,,NSE
INE0KKN01029,RHETAN,Rhetan TMT Limited,EQ,26-SEP-2025,1,,,,,NSE
INE0KL801015,DCXINDIA,DCX Systems Limited,EQ,11-NOV-2022,2,,,,,NSE
INE0KNT01012,MVGJL,Manoj Vaibhav Gems N Jewellers Limited,EQ,03-OCT-2023,10,,,,,NSE
INE0KNW01016,KNAGRI,KN Agri Resources Limited,EQ,09-DEC-2025,10,,,,,NSE
INE0KQN01018,BAJEL,Bajel Projects Limited,EQ,19-DEC-2023,2,,,,,NSE
INE0L0L01012,MODIS,Modis Navnirman Limited,EQ,14-NOV-2025,10,,,,,NSE
INE0L4K01016,VITAL,Vital Chemtech Limited,BE,11-MAR-2026,10,,,,,NSE
INE0L9R01028,GOPAL,Gopal Snacks Limited,EQ,14-MAR-2024,1,,,,,NSE
INE0LCL01028,AVALON,Avalon Technologies Limited,EQ,18-APR-2023,2,,,,,NSE
INE0LEZ01016,ATHERENERG,Ather Energy Limited,EQ,06-MAY-2025,1,,,,,NSE
INE0LGX01024,INA,Insolation Energy Limited,EQ,09-MAR-2026,1,,,,,NSE
INE0LLY01014,EIEL,Enviro Infra Engineers Limited,EQ,29-NOV-2024,10,,,,,NSE
INE0LMW01024,CELLO,Cello World Limited,EQ,06-NOV-2023,5,,,,,NSE
INE0LOJ01019,IKIO,IKIO Technologies Limited,EQ,16-JUN-2023,10,,,,,NSE
INE0LP301011,PWL,Physicswallah Limited,EQ,18-NOV-2025,1,,,,,NSE
INE0LQS01015,TIPSFILMS,Tips Films Limited,EQ,06-OCT-2022,10,,,,,NSE
INE0LRU01027,AARTIPHARM,Aarti Pharmalabs Limited,EQ,30-JAN-2023,5,,,,,NSE
INE0LRY01011,QUADFUTURE,Quadrant Future Tek Limited,EQ,14-JAN-2025,10,,,,,NSE
INE0LXG01040,OLAELEC,Ola Electric Mobility Limited,EQ,09-AUG-2024,10,,,,,NSE
INE0LXT01019,REDTAPE,Redtape Limited,EQ,11-AUG-2023,2,,,,,NSE
INE0M4D01010,SETL,Standard Engineering Technology Limited,EQ,13-JAN-2025,10,,,,,NSE
INE0MB501011,JGCHEM,J.G.Chemicals Limited,EQ,13-MAR-2024,10,,,,,NSE
INE0MHO01029,REGAAL,Regaal Resources Limited,BE,20-AUG-2025,5,,,,,NSE
INE0MIS01010,PYRAMID,Pyramid Technoplast Limited,EQ,29-AUG-2023,10,,,,,NSE
INE0MLS01022,EPACKPEB,EPack Prefab Technologies Limited,EQ,01-OCT-2025,2,,,,,NSE
INE0MWH01014,TRUALT,TruAlt Bioenergy Limited,EQ,03-OCT-2025,10,,,,,NSE
INE0N0Y01013,USK,Udayshivakumar Infra Limited,BE,03-APR-2023,10,,,,,NSE
INE0N2P01017,RISHABH,Rishabh Instruments Limited,EQ,11-SEP-2023,10,,,,,NSE
INE0N7W01012,BLAL,BEML Land Assets Limited,EQ,19-APR-2023,10,,,,,NSE
INE0NAZ01010,SMARTWORKS,Smartworks Coworking Spaces Limited,EQ,17-JUL-2025,10,,,,,NSE
INE0NLT01010,BLSE,BLS E-Services Limited,EQ,06-FEB-2024,10,,,,,NSE
INE0NN701020,ATL,Allcargo Terminals Limited,EQ,10-AUG-2023,2,,,,,NSE
INE0NNS01018,NSLNISP,NMDC Steel Limited,EQ,20-FEB-2023,10,,,,,NSE
INE0NQ801033,RKSWAMY,R K Swamy Limited,EQ,12-MAR-2024,5,,,,,NSE
INE0NT901020,NETWEB,Netweb Technologies India Limited,EQ,27-JUL-2023,2,,,,,NSE
INE0O3901029,TREL,Transindia Real Estate Limited,EQ,10-AUG-2023,2,,,,,NSE
INE0O6601022,KROSS,Kross Limited,EQ,16-SEP-2024,5,,,,,NSE
INE0O9T01021,BAJAJINDEF,Indef Manufacturing Limited,EQ,21-FEB-2025,1,,,,,NSE
INE0OAF01028,JNKINDIA,JNK India Limited,EQ,30-APR-2024,2,,,,,NSE
INE0OFM01015,DSFCL,DCM Shriram Fine Chemicals Limited,EQ,17-FEB-2026,2,,,,,NSE
INE0OJW01016,ROSSTECH,Rossell Techsys Limited,EQ,09-DEC-2024,2,,,,,NSE
INE0ONG01011,NTPCGREEN,NTPC Green Energy Limited,EQ,27-NOV-2024,10,,,,,NSE
INE0OPA01019,DBEIL,Deepak Builders & Engineers India Limited,EQ,28-OCT-2024,10,,,,,NSE
INE0OU201013,DCMSIL,DCM Shriram International Limited,BE,17-FEB-2026,2,,,,,NSE
INE0OV601013,EMSLIMITED,EMS Limited,EQ,21-SEP-2023,10,,,,,NSE
INE0P6P01016,CPEDU,Career Point Edutech Limited,EQ,05-SEP-2025,10,,,,,NSE
INE0P8B01020,GAUDIUMIVF,Gaudium IVF and Women Health Limited,BE,27-FEB-2026,5,,,,,NSE
INE0PA801013,GHCLTEXTIL,GHCL Textiles Limited,EQ,12-JUN-2023,2,,,,,NSE
INE0PB301013,SCILAL,Shipping Corporation of India Land and Assets Limited,EQ,19-MAR-2024,10,,,,,NSE
INE0PEQ01016,RBZJEWEL,RBZ Jewellers Limited,EQ,27-DEC-2023,10,,,,,NSE
INE0PK601023,OCCLLTD,OCCL Limited,EQ,29-OCT-2024,2,,,,,NSE
INE0PKD01011,MEIL,Mangal Electrical Industries Limited,BE,28-AUG-2025,10,,,,,NSE
INE0PPK01015,ORIENTTECH,Orient Technologies Limited,EQ,28-AUG-2024,10,,,,,NSE
INE0PQ101010,SSDL,Saraswati Saree Depot Limited,EQ,20-AUG-2024,10,,,,,NSE
INE0PSC01024,DIGIDRIVE,Digidrive Distributors Limited,EQ,10-JAN-2024,10,,,,,NSE
INE0PT501018,PLATIND,Platinum Industries Limited,EQ,05-MAR-2024,10,,,,,NSE
INE0Q3J01015,KRN,KRN Heat Exchanger and Refrigeration Limited,EQ,03-OCT-2024,10,,,,,NSE
INE0Q3R01026,SUNCLAY,Sundaram Clayton Limited,EQ,29-DEC-2023,5,,,,,NSE
INE0Q9301021,IGIL,International Gemological Institute Limited,EQ,20-DEC-2024,2,,,,,NSE
INE0QN801017,KRYSTAL,Krystal Integrated Services Limited,EQ,21-MAR-2024,10,,,,,NSE
INE0QPI01025,SUDEEPPHRM,Sudeep Pharma Limited,EQ,28-NOV-2025,1,,,,,NSE
INE0QRL01017,ARKADE,Arkade Developers Limited,EQ,24-SEP-2024,10,,,,,NSE
INE0QTF01015,VSTL,Vibhor Steel Tubes Limited,EQ,20-FEB-2024,10,,,,,NSE
INE0R4L01018,DENTA,Denta Water and Infra Solutions Limited,EQ,29-JAN-2025,10,,,,,NSE
INE0R6Z01013,SRM,SRM Contractors Limited,EQ,03-APR-2024,10,,,,,NSE
INE0R8B01010,PATELRMART,Patel Retail Limited,EQ,26-AUG-2025,10,,,,,NSE
INE0RB801010,SENORES,Senores Pharmaceuticals Limited,EQ,30-DEC-2024,10,,,,,NSE
INE0RE001014,GALAPREC,Gala Precision Engineering Limited,EQ,09-SEP-2024,10,,,,,NSE
INE0RWQ01014,TOLINS,Tolins Tyres Limited,EQ,16-SEP-2024,5,,,,,NSE
INE0RYC01010,STALLION,Stallion India Fluorochemicals Limited,EQ,23-JAN-2025,10,,,,,NSE
INE0S2G01011,BALAJEE,Shree Tirupati Balajee Agro Trading Company Limited,EQ,12-SEP-2024,10,,,,,NSE
INE0S2V01010,VRAJ,Vraj Iron and Steel Limited,EQ,03-JUL-2024,10,,,,,NSE
INE0S3G01027,PACEDIGITK,Pace Digitek Limited,EQ,06-OCT-2025,2,,,,,NSE
INE0S4R01014,CRIZAC,Crizac Limited,EQ,09-JUL-2025,2,,,,,NSE
INE0SII01026,QPOWER,Quality Power Electrical Equipments Limited,EQ,24-FEB-2025,10,,,,,NSE
INE0SJA01013,VMSTMT,VMS TMT Limited,BE,24-SEP-2025,10,,,,,NSE
INE0TGX01019,CHEMBONDCH,Chembond Chemicals Limited,BE,23-JUL-2025,5,,,,,NSE
INE0TO701015,MAMATA,Mamata Machinery Limited,EQ,27-DEC-2024,10,,,,,NSE
INE0TQE01026,GLOTTIS,Glottis Limited,EQ,07-OCT-2025,2,,,,,NSE
INE0TY101024,SOLARWORLD,Solarworld Energy Solutions Limited,EQ,30-SEP-2025,5,,,,,NSE
INE0U3I01011,UNIMECH,Unimech Aerospace and Manufacturing Limited,EQ,31-DEC-2024,5,,,,,NSE
INE0U4101014,BLUSPRING,Bluspring Enterprises Limited,EQ,11-JUN-2025,10,,,,,NSE
INE0U4701011,DIGITIDE,Digitide Solutions Limited,EQ,11-JUN-2025,10,,,,,NSE
INE0UH301010,OMNI,Omnitech Engineering Limited,EQ,05-MAR-2026,5,,,,,NSE
INE0UIZ01018,BLACKBUCK,BLACKBUCK LIMITED,EQ,22-NOV-2024,1,,,,,NSE
INE0UOS01011,SANOFICONR,Sanofi Consumer Healthcare India Limited,EQ,13-SEP-2024,10,,,,,NSE
INE0URU01010,GLOBALE,Globale Tessile Limited,BE,27-AUG-2024,10,,,,,NSE
INE0US801024,MFML,Mahalaxmi Fabric Mills Limited,EQ,27-AUG-2024,10,,,,,NSE
INE0V0W01025,GKSL,Gujarat Kidney And Super Speciality Limited,EQ,30-DEC-2025,2,,,,,NSE
INE0V3U01015,GLOBECIVIL,Globe Civil Projects Limited,BE,01-JUL-2025,10,,,,,NSE
INE0V6F01027,HYUNDAI,Hyundai Motor India Limited,EQ,22-OCT-2024,10,,,,,NSE
INE0V7W01012,CARRARO,Carraro India Limited,EQ,30-DEC-2024,10,,,,,NSE
INE0V9Q01010,LOTUSDEV,Sri Lotus Developers and Realty Limited,EQ,06-AUG-2025,1,,,,,NSE
INE0VDM01015,MEESHO,Meesho Limited,EQ,10-DEC-2025,1,,,,,NSE
INE0VOV01021,DEVX,Dev Accelerator Limited,EQ,17-SEP-2025,2,,,,,NSE
INE0W2G01015,SAGILITY,SAGILITY LIMITED,EQ,12-NOV-2024,10,,,,,NSE
INE0WO601020,LAXMIDENTL,Laxmi Dental Limited,EQ,20-JAN-2025,2,,,,,NSE
INE0XAD01024,MIDWESTLTD,Midwest Limited,EQ,24-OCT-2025,5,,,,,NSE
INE0Y8W01025,AHCL,Anlon Healthcare Limited,EQ,03-SEP-2025,2,,,,,NSE
INE0YD401026,JAINREC,Jain Resource Recycling Limited,EQ,01-OCT-2025,2,,,,,NSE
INE0Z4F01028,ATLANTAELE,Atlanta Electricals Limited,EQ,29-SEP-2025,2,,,,,NSE
INE100A01010,ATUL,Atul Limited,EQ,06-MAY-1998,10,,,,,NSE
INE100D01014,WSI,W S Industries (I) Limited,EQ,01-AUG-2007,10,,,,,NSE
INE101A01026,M&M,Mahindra & Mahindra Limited,EQ,03-JAN-1996,5,,,,,NSE
INE101D01020,GRANULES,Granules India Limited,EQ,20-JUN-2005,1,,,,,NSE
INE101I01011,AFCONS,Afcons Infrastructure Limited,EQ,04-NOV-2024,10,,,,,NSE
INE102A01024,HLVLTD,HLV LIMITED,EQ,19-JUL-1995,2,,,,,NSE
INE102B01014,CHOICEIN,Choice International Limited,EQ,08-APR-2022,10,,,,,NSE
INE102D01028,GODREJCP,Godrej Consumer Products Limited,EQ,20-JUN-2001,1,,,,,NSE
INE102I01027,ADSL,Allied Digital Services Limited,EQ,25-JUL-2007,5,,,,,NSE
INE103A01014,MRPL,Mangalore Refinery and Petrochemicals Limited,EQ,07-JAN-2005,10,,,,,NSE
INE103C01036,SMCGLOBAL,SMC Global Securities Limited,EQ,24-FEB-2021,2,,,,,NSE
INE103V01028,TRAVELFOOD,Travel Food Services Limited,EQ,14-JUL-2025,1,,,,,NSE
INE105A01035,TVSHLTD,TVS Holdings Limited,EQ,23-OCT-2012,5,,,,,NSE
INE105C01023,3PLAND,3P Land Holdings Limited,EQ,19-JUL-1995,2,,,,,NSE
INE105I01020,SELMC,SEL Manufacturing Company Limited,EQ,26-OCT-2021,10,,,,,NSE
INE105J01010,RPGLIFE,RPG Life Sciences Limited,EQ,10-JUN-2008,8,,,,,NSE
INE106I01010,ANKITMETAL,Ankit Metal & Power Limited,BZ,14-MAR-2013,10,,,,,NSE
INE106T01025,HITECH,Hi-Tech Pipes Limited,EQ,07-MAY-2018,1,,,,,NSE
INE107A01015,TNPL,Tamil Nadu Newsprint & Papers Limited,EQ,14-FEB-1996,10,,,,,NSE
INE107F01022,WANBURY,Wanbury Limited,BE,29-JAN-2007,10,,,,,NSE
INE108E01023,SUNDARAM,Sundaram Multi Pap Limited,EQ,02-JUN-2010,1,,,,,NSE
INE108V01019,AWFIS,Awfis Space Solutions Limited,EQ,30-MAY-2024,10,,,,,NSE
INE109A01011,SCI,Shipping Corporation Of India Limited,EQ,13-AUG-1997,10,,,,,NSE
INE109C01017,ARMANFIN,Arman Financial Services Limited,EQ,14-JUN-2016,10,,,,,NSE
INE110A01019,BPL,BPL Limited,EQ,14-JUN-1995,10,,,,,NSE
INE110B01017,MINDTECK,Mindteck (India) Limited,EQ,02-AUG-2016,10,,,,,NSE
INE111A01025,CONCOR,Container Corporation of India Limited,EQ,07-MAY-1997,5,,,,,NSE
INE111B01023,63MOONS,63 moons technologies limited,EQ,20-JUN-2005,2,,,,,NSE
INE111F01024,PAUSHAKLTD,Paushak Limited,EQ,01-DEC-2025,5,,,,,NSE
INE111Q01021,PDSL,PDS Limited,EQ,21-OCT-2014,2,,,,,NSE
INE112D01035,MHLXMIRU,Mahalaxmi Rubtech Limited,EQ,27-JAN-2022,10,,,,,NSE
INE112F01022,LAMBODHARA,Lambodhara Textiles Limited,EQ,04-FEB-2015,5,,,,,NSE
INE112L01020,METROPOLIS,Metropolis Healthcare Limited,EQ,15-APR-2019,2,,,,,NSE
INE112X01025,SIKKO,Sikko Industries Limited,EQ,22-OCT-2021,1,,,,,NSE
INE113A01013,GNFC,Gujarat Narmada Valley Fertilizers and Chemicals Limited,EQ,17-MAY-1995,10,,,,,NSE
INE114A01011,SAIL,Steel Authority of India Limited,EQ,06-JUL-1995,10,,,,,NSE
INE115A01026,LICHSGFIN,LIC Housing Finance Limited,EQ,29-JUL-1998,2,,,,,NSE
INE115Q01022,IKS,Inventurus Knowledge Solutions Limited,EQ,19-DEC-2024,1,,,,,NSE
INE115S01010,HALDER,Halder Venture Limited,EQ,19-JAN-2026,10,,,,,NSE
INE116A01032,APCOTEXIND,Apcotex Industries Limited,EQ,06-SEP-1995,2,,,,,NSE
INE116C01012,ZFSTEERING,ZF Steering Gear (India) Limited,EQ,20-APR-2026,10,,,,,NSE
INE116D01028,BAGFILMS,B.A.G Films and Media Limited,EQ,17-OCT-2003,2,,,,,NSE
INE116G01013,VARDHACRLC,Vardhman Acrylics Limited,EQ,30-SEP-2003,10,,,,,NSE
INE117A01022,ABB,ABB India Limited,EQ,08-FEB-1995,2,,,,,NSE
INE117B01020,CURAA,Cura Technologies Limited,BE,21-MAR-2025,10,,,,,NSE
INE117Z01011,NARMADA,Narmada Agrobase Limited,EQ,27-OCT-2022,10,,,,,NSE
INE118A01012,BAJAJHLDNG,Bajaj Holdings & Investment Limited,EQ,15-MAR-1995,10,,,,,NSE
INE118D01016,NUVOCO,Nuvoco Vistas Corporation Limited,EQ,23-AUG-2021,10,,,,,NSE
INE118H01025,BSE,BSE Limited,EQ,03-FEB-2017,2,,,,,NSE
INE119201023,PARKHOSPS,Park Medi World Limited,EQ,17-DEC-2025,2,,,,,NSE
INE119A01028,BALRAMCHIN,Balrampur Chini Mills Limited,EQ,08-FEB-1995,1,,,,,NSE
INE120A01034,CARBORUNIV,Carborundum Universal Limited,EQ,03-APR-1996,1,,,,,NSE
INE120D01012,HITECHCORP,Hitech Corporation Limited,EQ,20-DEC-2007,10,,,,,NSE
INE121A01024,CHOLAFIN,Cholamandalam Investment and Finance Company Limited,EQ,15-MAY-1996,2,,,,,NSE
INE121E01018,JSWENERGY,JSW Energy Limited,EQ,04-JAN-2010,10,,,,,NSE
INE121J01017,INDUSTOWER,Indus Towers Limited,EQ,28-DEC-2012,10,,,,,NSE
INE121N01019,THEJO,Thejo Engineering Limited,EQ,10-OCT-2023,10,,,,,NSE
INE121R01077,AMAGI,Amagi Media Labs Limited,EQ,21-JAN-2026,5,,,,,NSE
INE122M01019,ESSARSHPNG,Essar Shipping Limited,EQ,15-NOV-2011,10,,,,,NSE
INE123B01028,NAGREEKEXP,Nagreeka Exports Limited,EQ,18-JUN-2007,5,,,,,NSE
INE123C01018,TAINWALCHM,Tainwala Chemical and Plastic (I) Limited,EQ,27-JUL-1995,10,,,,,NSE
INE123F01029,MMTC,MMTC Limited,EQ,09-APR-2012,1,,,,,NSE
INE123W01016,SBILIFE,SBI Life Insurance Company Limited,EQ,03-OCT-2017,10,,,,,NSE
INE124E01038,STEELCAS,Steelcast Limited,EQ,23-NOV-2021,1,,,,,NSE
INE124G01033,DELTACORP,Delta Corp Limited,EQ,02-NOV-2007,1,,,,,NSE
INE124Y01028,PASHUPATI,Pashupati Cotspin Limited,EQ,17-JUL-2025,1,,,,,NSE
INE126A01031,EIDPARRY,EID Parry India Limited,EQ,10-MAY-1995,1,,,,,NSE
INE126J01016,APOLLOPIPE,Apollo Pipes Limited,EQ,11-NOV-2019,10,,,,,NSE
INE126M01010,IBULLSLTD,Indiabulls Limited,EQ,18-AUG-2011,2,,,,,NSE
INE127B01011,HITECHGEAR,The Hi-Tech Gears Limited,BE,21-JAN-2002,10,,,,,NSE
INE127D01025,HDFCAMC,HDFC Asset Management Company Limited,EQ,06-AUG-2018,5,,,,,NSE
INE127I01024,GOODLUCK,Goodluck India Limited,EQ,08-JAN-2015,2,,,,,NSE
INE127T01021,KPEL,K.P. Energy Limited,EQ,14-NOV-2024,5,,,,,NSE
INE128A01029,EVEREADY,Eveready Industries India Limited,EQ,27-APR-2005,5,,,,,NSE
INE128S01021,FIVESTAR,Five-Star Business Finance Limited,EQ,21-NOV-2022,1,,,,,NSE
INE128X01021,ACI,Archean Chemical Industries Limited,EQ,21-NOV-2022,2,,,,,NSE
INE129A01019,GAIL,GAIL (India) Limited,EQ,02-APR-1997,10,,,,,NSE
INE129Z01016,SINTERCOM,Sintercom India Limited,EQ,07-OCT-2020,10,,,,,NSE
INE12F801023,KISSHT,OnEMI Technology Solutions Limited,EQ,08-MAY-2026,1,,,,,NSE
INE12NJ01018,SAMBHV,Sambhv Steel Tubes Limited,EQ,02-JUL-2025,10,,,,,NSE
INE12UN01015,SHADOWFAX,Shadowfax Technologies Limited,EQ,28-JAN-2026,10,,,,,NSE
INE12UR01024,UTLSOLAR,Fujiyama Power Systems Limited,EQ,20-NOV-2025,1,,,,,NSE
INE130B01031,SURANAT&P,Surana Telecom and Power Limited,EQ,22-MAY-2002,1,,,,,NSE
INE131A01031,GMDCLTD,Gujarat Mineral Development Corporation Limited,EQ,17-DEC-1997,2,,,,,NSE
INE131B01039,RELAXO,Relaxo Footwears Limited,EQ,17-JUN-2011,1,,,,,NSE
INE131C01011,DISAQ,Disa India Limited,EQ,20-APR-2026,10,,,,,NSE
INE132C01027,SURYALA,Suryalata Spinning Mills Limited,EQ,20-APR-2026,10,,,,,NSE
INE132H01018,AURIONPRO,Aurionpro Solutions Limited,EQ,25-OCT-2005,10,,,,,NSE
INE133A01011,JSWDULUX,JSW Dulux Limited,EQ,28-JUN-2001,10,,,,,NSE
INE133E01013,TI,Tilaknagar Industries Limited,EQ,16-JUL-2010,10,,,,,NSE
INE133Y01011,IFGLEXPOR,IFGL Refractories Limited,EQ,14-NOV-2017,10,,,,,NSE
INE134B01017,KECL,Kirloskar Electric Company Limited,BE,09-MAR-2010,10,,,,,NSE
INE134E01011,PFC,Power Finance Corporation Limited,EQ,23-FEB-2007,10,,,,,NSE
INE136B01020,CYIENT,Cyient Limited,EQ,30-SEP-1998,5,,,,,NSE
INE136S01016,NEOGEN,Neogen Chemicals Limited,EQ,08-MAY-2019,10,,,,,NSE
INE137C01018,ALPHAGEO,Alphageo (India) Limited,EQ,11-MAY-2007,10,,,,,NSE
INE137I01015,GRPLTD,GRP Limited,EQ,12-FEB-2015,10,,,,,NSE
INE138A01028,PENINLAND,Peninsula Land Limited,BE,08-FEB-1995,2,,,,,NSE
INE138C01024,KANORICHEM,Kanoria Chemicals & Industries Limited,EQ,08-FEB-1995,5,,,,,NSE
INE138Y01010,KFINTECH,Kfin Technologies Limited,EQ,29-DEC-2022,10,,,,,NSE
INE139A01034,NATIONALUM,National Aluminium Company Limited,EQ,28-APR-1999,5,,,,,NSE
INE139B01016,UCAL,UCAL LIMITED,EQ,13-SEP-1995,10,,,,,NSE
INE139I01011,BVCL,Barak Valley Cements Limited,EQ,23-NOV-2007,10,,,,,NSE
INE139R01012,FUSION,Fusion Finance Limited,EQ,15-NOV-2022,10,,,,,NSE
INE13B501022,SAATVIKGL,Saatvik Green Energy Limited,EQ,26-SEP-2025,2,,,,,NSE
INE141D01018,TNTELE,Tamilnadu Telecommunication Limited,EQ,04-FEB-2003,10,,,,,NSE
INE141K01013,TEXMOPIPES,Texmo Pipes and Products Limited,EQ,10-MAR-2010,10,,,,,NSE
INE142A01012,OSWALAGRO,Oswal Agro Mills Limited,BE,29-MAR-1995,10,,,,,NSE
INE142I01023,TAKE,Take Solutions Limited,BE,27-AUG-2007,1,,,,,NSE
INE142K01011,LYPSAGEMS,Lypsa Gems & Jewellery Limited,EQ,05-NOV-2013,10,,,,,NSE
INE142M01025,TATATECH,Tata Technologies Limited,EQ,30-NOV-2023,2,,,,,NSE
INE142Q01026,SULA,Sula Vineyards Limited,EQ,22-DEC-2022,2,,,,,NSE
INE142Z01019,ORIENTELEC,Orient Electric Limited,EQ,14-MAY-2018,1,,,,,NSE
INE143A01010,OSWALGREEN,Oswal Greentech Limited,EQ,28-AUG-1996,10,,,,,NSE
INE144D01012,CUBEXTUB,Cubex Tubings Limited,EQ,24-APR-1996,10,,,,,NSE
INE144J01027,20MICRONS,20 Microns Limited,EQ,06-OCT-2008,5,,,,,NSE
INE144Z01023,TARSONS,Tarsons Products Limited,EQ,26-NOV-2021,2,,,,,NSE
INE146L01010,KIRLOSENG,Kirloskar Oil Engines Limited,EQ,24-DEC-2010,2,,,,,NSE
INE147A01011,SPIC,Southern Petrochemicals Industries Corporation  Limited,EQ,10-JAN-1996,10,,,,,NSE
INE147P01019,JPOLYINVST,Jindal Poly Investment and Finance Company Limited,EQ,11-NOV-2013,10,,,,,NSE
INE148A01019,TNPETRO,Tamilnadu PetroProducts Limited,EQ,27-OCT-1999,10,,,,,NSE
INE148I01020,SAMMAANCAP,Sammaan Capital Limited,EQ,23-JUL-2013,2,,,,,NSE
INE148O01028,DELHIVERY,Delhivery Limited,EQ,24-MAY-2022,1,,,,,NSE
INE149A01033,CHOLAHLDNG,Cholamandalam Financial Holdings Limited,EQ,25-SEP-2017,1,,,,,NSE
INE149K01016,SANDUMA,Sandur Manganese & Iron Ores Limited,EQ,07-SEP-2023,10,,,,,NSE
INE149O01018,NIBE,NIBE Limited,EQ,07-FEB-2025,10,,,,,NSE
INE14LE01019,ABLBL,Aditya Birla Lifestyle Brands Limited,EQ,23-JUN-2025,10,,,,,NSE
INE14UN01029,VIDYAWIRES,Vidya Wires Limited,EQ,10-DEC-2025,1,,,,,NSE
INE150B01039,ALKYLAMINE,Alkyl Amines Chemicals Limited,EQ,26-NOV-2007,2,,,,,NSE
INE150G01020,LUXIND,Lux Industries Limited,EQ,30-NOV-2015,2,,,,,NSE
INE151A01013,TATACOMM,Tata Communications Limited,EQ,12-APR-1995,10,,,,,NSE
INE151G01028,SHAILY,Shaily Engineering Plastics Limited,EQ,04-APR-2022,2,,,,,NSE
INE152A01029,THERMAX,Thermax Limited,EQ,30-AUG-1995,2,,,,,NSE
INE152C01025,UYFINCORP,U. Y. Fincorp Limited,EQ,03-OCT-2024,5,,,,,NSE
INE152M01016,TRITURBINE,Triveni Turbine Limited,EQ,28-OCT-2011,1,,,,,NSE
INE153A01019,MTNL,Mahanagar Telephone Nigam Limited,EQ,17-FEB-1999,10,,,,,NSE
INE153T01027,BLS,BLS International Services Limited,EQ,14-JUN-2016,1,,,,,NSE
INE154A01025,ITC,ITC Limited,EQ,23-AUG-1995,1,,,,,NSE
INE155A01022,TMPV,Tata Motors Passenger Vehicles Limited,EQ,22-JUL-1998,2,,,,,NSE
INE155C01010,ALBERTDAVD,Albert David Limited,EQ,14-JUN-2016,10,,,,,NSE
INE155E01016,INVPRECQ,Investment & Precision Castings Limited,EQ,20-APR-2026,10,,,,,NSE
INE155G01029,NDTV,New Delhi Television Limited,EQ,19-MAY-2004,4,,,,,NSE
INE155Z01011,MACPOWER,Macpower CNC Machines Limited,EQ,19-AUG-2020,10,,,,,NSE
INE156A01020,INDORAMA,Indo Rama Synthetics (India) Limited,EQ,20-JUN-2003,10,,,,,NSE
INE156C01018,PIONEEREMB,Pioneer Embroideries Limited,EQ,16-MAY-2006,10,,,,,NSE
INE157H01023,KMSUGAR,K.M.Sugar Mills Limited,EQ,31-MAY-2007,2,,,,,NSE
INE158A01026,HEROMOTOCO,Hero MotoCorp Limited,EQ,11-APR-2003,2,,,,,NSE
INE158B01016,EIMCOELECO,Eimco Elecon (India) Limited,EQ,17-APR-1996,10,,,,,NSE
INE159A01016,GLAXO,GlaxoSmithKline Pharmaceuticals Limited,EQ,15-DEC-2000,10,,,,,NSE
INE159N01027,VIJIFIN,Viji Finance Limited,BE,11-JUL-2016,1,,,,,NSE
INE15B701018,PINELABS,Pine Labs Limited,EQ,14-NOV-2025,1,,,,,NSE
INE160A01022,PNB,Punjab National Bank,EQ,24-APR-2002,2,,,,,NSE
INE161A01038,NIITLTD,NIIT Limited,EQ,16-AUG-2004,2,,,,,NSE
INE161G01027,MORARJEE,Morarjee Textiles Limited,BZ,14-SEP-2012,7,,,,,NSE
INE161L01027,VIKASLIFE,Vikas Lifecare Limited,BE,08-MAY-2019,1,,,,,NSE
INE162A01010,GIPCL,Gujarat Industries Power Company Limited,EQ,08-FEB-1995,10,,,,,NSE
INE162B01018,LUMAXIND,Lumax Industries Limited,EQ,06-SEP-1995,10,,,,,NSE
INE162C01024,PARASPETRO,Paras Petrofils Limited,BE,14-FEB-1996,1,,,,,NSE
INE163A01018,NOCIL,NOCIL Limited,EQ,17-JAN-1996,10,,,,,NSE
INE164A01016,BALMLAWRIE,Balmer Lawrie & Company Limited,EQ,06-JUL-1995,10,,,,,NSE
INE164B01030,KELLTONTEC,Kellton Tech Solutions Limited,EQ,02-MAR-2016,1,,,,,NSE
INE165B01029,RSSOFTWARE,R. S. Software (India) Limited,BE,19-MAY-1999,5,,,,,NSE
INE166R01015,NATIONSTD,National Standard (India) Limited,EQ,20-APR-2026,10,,,,,NSE
INE168A01041,J&KBANK,The Jammu & Kashmir Bank Limited,EQ,22-JUL-1998,1,,,,,NSE
INE168P01015,EMCURE,Emcure Pharmaceuticals Limited,EQ,10-JUL-2024,10,,,,,NSE
INE169A01031,COROMANDEL,Coromandel International Limited,EQ,31-MAY-1995,1,,,,,NSE
INE16NZ01023,ORKLAINDIA,Orkla India Limited,EQ,06-NOV-2025,1,,,,,NSE
INE16SF01016,BORANA,Borana Weaves Limited,EQ,27-MAY-2025,10,,,,,NSE
INE170E01023,SATIA,Satia Industries Limited,EQ,17-JUL-2019,1,,,,,NSE
INE170I01016,HGS,Hinduja Global Solutions Limited,EQ,19-JUN-2007,10,,,,,NSE
INE170V01027,SALASAR,Salasar Techno Engineering Limited,EQ,25-JUL-2017,1,,,,,NSE
INE171A01029,FEDERALBNK,The Federal Bank  Limited,EQ,08-FEB-1995,2,,,,,NSE
INE171Z01026,BDL,Bharat Dynamics Limited,EQ,23-MAR-2018,5,,,,,NSE
INE172A01027,CASTROLIND,Castrol India Limited,EQ,14-MAR-2014,5,,,,,NSE
INE172N01012,IMAGICAA,Imagicaaworld Entertainment Limited,EQ,06-APR-2015,10,,,,,NSE
INE173A01025,SIL,Standard Industries Limited,EQ,27-JAN-2004,5,,,,,NSE
INE175A01038,JISLJALEQS,Jain Irrigation Systems Limited,EQ,13-AUG-2001,2,,,,,NSE
INE176A01028,BATAINDIA,Bata India Limited,EQ,18-JUN-2003,5,,,,,NSE
INE176B01034,HAVELLS,Havells India Limited,EQ,21-MAR-2001,1,,,,,NSE
INE176J01011,SICAGEN,Sicagen India Limited,EQ,20-APR-2026,10,,,,,NSE
INE177A01018,INGERRAND,Ingersoll Rand (India) Limited,EQ,15-APR-1999,10,,,,,NSE
INE177C01022,BATLIBOI,Batliboi Limited,EQ,20-APR-2026,5,,,,,NSE
INE177F01017,KOVAI,Kovai Medical Center & Hospital Limited,EQ,20-APR-2026,10,,,,,NSE
INE177H01039,GPIL,Godawari Power And Ispat limited,EQ,25-APR-2006,1,,,,,NSE
INE178A01016,CHENNPETRO,Chennai Petroleum Corporation Limited,EQ,07-JUN-2000,10,,,,,NSE
INE178C01020,SMARTLINK,Smartlink Holdings Limited,EQ,11-APR-2001,2,,,,,NSE
INE179A01014,PGHH,Procter & Gamble Hygiene and Health Care Limited,EQ,07-JUL-2004,10,,,,,NSE
INE179G01029,DAVANGERE,Davangere Sugar Company Limited,EQ,25-JAN-2024,1,,,,,NSE
INE180A01020,MFSL,Max Financial Services Limited,EQ,17-MAY-2000,2,,,,,NSE
INE180C01042,CGCL,Capri Global Capital Limited,EQ,29-OCT-2010,1,,,,,NSE
INE182A01018,PFIZER,Pfizer Limited,EQ,28-APR-1999,10,,,,,NSE
INE182D01020,MARATHON,Marathon Nextgen Realty Limited,EQ,29-SEP-2016,5,,,,,NSE
INE183A01024,FINPIPE,Finolex Industries Limited,EQ,08-FEB-1995,2,,,,,NSE
INE184H01027,EKC,Everest Kanto Cylinder Limited,EQ,15-DEC-2005,2,,,,,NSE
INE184O01015,DIFFNKG,Diffusion Engineers Limited,EQ,04-OCT-2024,10,,,,,NSE
INE185C01017,SAPPL,Shree Ajit Pulp & Paper Limited,EQ,20-APR-2026,10,,,,,NSE
INE185E01021,FILATFASH,Filatex Fashions Limited,BE,06-MAY-2024,1,,,,,NSE
INE185H01016,CELEBRITY,Celebrity Fashions Limited,EQ,12-JAN-2006,10,,,,,NSE
INE186A01019,GUJALKALI,Gujarat Alkalies and Chemicals Limited,EQ,07-AUG-1997,10,,,,,NSE
INE186H01022,BASML,Bannari Amman Spinning Mills Limited,EQ,14-NOV-2005,5,,,,,NSE
INE187D01029,TALBROAUTO,Talbros Automotive Components Limited,EQ,29-SEP-2006,2,,,,,NSE
INE188A01015,FACT,Fertilizers and Chemicals Travancore Limited,EQ,12-APR-1995,10,,,,,NSE
INE188B01013,IGARASHI,Igarashi Motors India Limited,EQ,09-OCT-2003,10,,,,,NSE
INE188Y01031,VERTOZ,Vertoz Limited,EQ,14-MAY-2020,10,,,,,NSE
INE189B01011,STYRENIX,Styrenix Performance Materials Limited,EQ,29-MAR-1995,10,,,,,NSE
INE189I01024,NELCAST,Nelcast Limited,EQ,27-JUN-2007,2,,,,,NSE
INE18JU01028,EBGNG,GNG Electronics Limited,EQ,30-JUL-2025,2,,,,,NSE
INE190H01024,SAKUMA,Sakuma Exports Limited,BE,08-MAR-2006,1,,,,,NSE
INE191A01027,ORCHPHARMA,Orchid Pharma Limited,EQ,02-NOV-2020,10,,,,,NSE
INE191B01025,WELCORP,Welspun Corp Limited,EQ,24-MAY-2005,5,,,,,NSE
INE191H01014,PVRINOX,PVR INOX Limited,EQ,04-JAN-2006,10,,,,,NSE
INE191I01012,HDIL,Housing Development and Infrastructure Limited,BZ,24-JUL-2007,10,,,,,NSE
INE192A01025,TATACONSUM,TATA CONSUMER PRODUCTS LIMITED,EQ,18-NOV-1998,1,,,,,NSE
INE192B01031,WELSPUNLIV,Welspun Living Limited,EQ,04-DEC-2003,1,,,,,NSE
INE192H01020,GRMOVER,GRM Overseas Limited,EQ,07-SEP-2022,2,,,,,NSE
INE192R01011,DMART,Avenue Supermarts Limited,EQ,21-MAR-2017,10,,,,,NSE
INE193B01039,AYMSYNTEX,AYM Syntex Limited,EQ,14-AUG-2015,10,,,,,NSE
INE193E01025,BAJAJELEC,Bajaj Electricals Limited,EQ,02-NOV-2007,2,,,,,NSE
INE194D01017,ASTAR,Asian Star Company Limited,EQ,20-APR-2026,10,,,,,NSE
INE195A01028,SUPREMEIND,Supreme Industries Limited,EQ,19-JUL-1995,2,,,,,NSE
INE195J01029,PNCINFRA,PNC Infratech Limited,EQ,26-MAY-2015,2,,,,,NSE
INE195N01013,PROZONER,Prozone Realty Limited,EQ,12-SEP-2012,2,,,,,NSE
INE196A01026,MARICO,Marico Limited,EQ,01-MAY-1996,1,,,,,NSE
INE196Y01018,WORTHPERI,Worth Peripherals Limited,EQ,04-AUG-2020,10,,,,,NSE
INE197A01024,JYOTISTRUC,Jyoti Structures Limited,EQ,19-JUL-1995,2,,,,,NSE
INE197D01010,JINDALPOLY,Jindal Poly Films Limited,EQ,21-JAN-2002,10,,,,,NSE
INE197J01017,LPDC,Landmark Property Development Company Limited,BE,12-AUG-2008,1,,,,,NSE
INE198501012,EUROPRATIK,Euro Pratik Sales Limited,EQ,23-SEP-2025,1,,,,,NSE
INE198H01019,AAREYDRUGS,Aarey Drugs & Pharmaceuticals Limited,BE,06-AUG-2021,10,,,,,NSE
INE199A01012,PGHL,Procter & Gamble Health Limited,EQ,24-APR-1996,10,,,,,NSE
INE199C01026,ADVANIHOTR,Advani Hotels & Resorts (India) Limited,EQ,25-JUN-2007,2,,,,,NSE
INE199G01027,JAGRAN,Jagran Prakashan Limited,EQ,22-FEB-2006,2,,,,,NSE
INE199P01028,GCSL,Gretex Corporate Services Limited,EQ,04-SEP-2025,10,,,,,NSE
INE19GK01015,SRTL,Shree Ram Twistex Limited,EQ,02-MAR-2026,10,,,,,NSE
INE19RI01016,TENNIND,Tenneco Clean Air India Limited,EQ,19-NOV-2025,10,,,,,NSE
INE1AG301022,GKENERGY,GK Energy Limited,EQ,26-SEP-2025,2,,,,,NSE
INE1B0W01010,ADVANCE,Advance Agrolife Limited,EQ,08-OCT-2025,10,,,,,NSE
INE1B3L01017,SHRINGARMS,Shringar House of Mangalsutra Limited,EQ,17-SEP-2025,10,,,,,NSE
INE1B6101010,SHREEJISPG,Shreeji Shipping Global Limited,EQ,26-AUG-2025,10,,,,,NSE
INE1BZC01019,OMFREIGHT,Om Freight Forwarders Limited,EQ,08-OCT-2025,10,,,,,NSE
INE1C6T01020,EMMVEE,Emmvee Photovoltaic Power Limited,EQ,18-NOV-2025,2,,,,,NSE
INE1FF001016,JKIPL,Jinkushal Industries Limited,BE,03-OCT-2025,10,,,,,NSE
INE1NPP01017,ENRIN,Siemens Energy India Limited,EQ,19-JUN-2025,2,,,,,NSE
INE1RDG01013,PNGSREVA,PNGS Reva Diamond Jewellery Limited,EQ,04-MAR-2026,10,,,,,NSE
INE1SPP01016,KSR,KSR Footwear Limited,BE,27-NOV-2025,10,,,,,NSE
INE1SY401010,RAYMONDREL,Raymond Realty Limited,EQ,01-JUL-2025,10,,,,,NSE
INE1TAE01010,TMCV,Tata Motors Limited,EQ,12-NOV-2025,2,,,,,NSE
INE1VXE01018,STLNETWORK,STL Networks Limited,EQ,04-SEP-2025,2,,,,,NSE
INE200A01026,GVT&D,GE Vernova T&D India Limited,EQ,30-JUN-2008,2,,,,,NSE
INE200D01020,MMWL,Media Matrix Worldwide Limited,EQ,20-APR-2026,1,,,,,NSE
INE200M01039,VBL,Varun Beverages Limited,EQ,08-NOV-2016,2,,,,,NSE
INE201A01024,MANALIPETC,Manali Petrochemicals Limited,EQ,06-DEC-2006,5,,,,,NSE
INE201B01022,MAJESAUT,Majestic Auto Limited,EQ,20-APR-2026,10,,,,,NSE
INE201K01015,EXPLEOSOL,Expleo Solutions Limited,EQ,26-OCT-2009,10,,,,,NSE
INE201M01029,CLEDUCATE,CL Educate Limited,BE,31-MAR-2017,5,,,,,NSE
INE201P01022,GRINFRA,G R Infraprojects Limited,EQ,19-JUL-2021,5,,,,,NSE
INE202B01038,PIRAMALFIN,Piramal Finance Limited,EQ,07-NOV-2025,2,,,,,NSE
INE202E01016,IREDA,Indian Renewable Energy Development Agency Limited,EQ,29-NOV-2023,10,,,,,NSE
INE202H01019,KERNEX,Kernex Microsystems (India) Limited,EQ,20-DEC-2005,10,,,,,NSE
INE202Z01029,TSFINV,TSF INVESTMENTS LIMITED,EQ,26-MAR-2018,5,,,,,NSE
INE203A01020,ASTRAZEN,AstraZeneca Pharma India Limited,EQ,04-MAY-2001,2,,,,,NSE
INE203G01027,IGL,Indraprastha Gas Limited,EQ,26-DEC-2003,2,,,,,NSE
INE203Y01012,SILLYMONKS,Silly Monks Entertainment Limited,EQ,08-JUL-2020,10,,,,,NSE
INE204A01010,IGPL,IG Petrochemicals Limited,EQ,29-JAN-2007,10,,,,,NSE
INE204E01012,AGARIND,Agarwal Industrial Corporation Limited,EQ,26-MAY-2014,10,,,,,NSE
INE205A01025,VEDL,Vedanta Limited,EQ,13-MAY-1998,1,,,,,NSE
INE205B01031,ELECON,Elecon Engineering Company Limited,EQ,29-SEP-2006,1,,,,,NSE
INE205C01021,POLYMED,Poly Medicure Limited,EQ,07-DEC-2011,5,,,,,NSE
INE206B01013,ZODIACLOTH,Zodiac Clothing Company Limited,EQ,27-SEP-1995,10,,,,,NSE
INE206F01022,AIIL,Authum Investment & Infrastructure Limited,EQ,23-APR-2024,1,,,,,NSE
INE206N01018,RELTD,Ravindra Energy Limited,EQ,30-JUL-2024,10,,,,,NSE
INE207E01023,RAMRAT,Ram Ratna Wires Limited,EQ,29-JUL-2022,5,,,,,NSE
INE207H01018,GNRL,Gujarat Natural Resources Limited,EQ,20-APR-2026,10,,,,,NSE
INE208A01029,ASHOKLEY,Ashok Leyland Limited,EQ,25-MAY-1995,1,,,,,NSE
INE208C01025,AEGISLOG,Aegis Logistics Limited,EQ,03-APR-1996,1,,,,,NSE
INE209A01019,SUNDROP,Sundrop Brands Limited,EQ,06-DEC-2002,10,,,,,NSE
INE209B01025,RICOAUTO,Rico Auto Industries Limited,EQ,12-MAY-2003,1,,,,,NSE
INE209L01016,JWL,Jupiter Wagons Limited,EQ,18-OCT-2010,10,,,,,NSE
INE210A01017,WILLAMAGOR,Williamson Magor & Company Limited,EQ,08-FEB-1995,10,,,,,NSE
INE210C01013,AROGRANITE,Aro Granite Industries Limited,EQ,24-APR-2007,10,,,,,NSE
INE211B01039,PHOENIXLTD,The Phoenix Mills Limited,EQ,23-APR-2007,2,,,,,NSE
INE211R01019,POWERMECH,Power Mech Projects Limited,EQ,26-AUG-2015,10,,,,,NSE
INE212H01026,AIAENG,AIA Engineering Limited,EQ,14-DEC-2005,2,,,,,NSE
INE212I01016,SPAL,S. P. Apparels Limited,EQ,12-AUG-2016,10,,,,,NSE
INE212S01015,FRACTAL,Fractal Analytics Limited,EQ,16-FEB-2026,1,,,,,NSE
INE213A01029,ONGC,Oil & Natural Gas Corporation Limited,EQ,19-JUL-1995,5,,,,,NSE
INE213C01025,BANCOINDIA,Banco Products (I) Limited,EQ,22-DEC-2006,2,,,,,NSE
INE213D01015,BEEKAY,Beekay Steel Industries Limited,EQ,20-APR-2026,10,,,,,NSE
INE214A01019,CYBERTECH,Cybertech Systems And Software Limited,EQ,27-JAN-1999,10,,,,,NSE
INE214F01026,GRAVISSHO,Graviss Hospitality Limited,EQ,20-APR-2026,2,,,,,NSE
INE214T01019,LTM,LTM Limited,EQ,21-JUL-2016,1,,,,,NSE
INE215B01022,ORCHASP,Orchasp Limited,EQ,07-FEB-2025,2,,,,,NSE
INE215D01010,MAHEPC,Mahindra EPC Irrigation Limited,EQ,14-FEB-2020,10,,,,,NSE
INE215F01023,WIPL,The Western India Plywoods Limited,EQ,17-APR-2017,10,,,,,NSE
INE215I01027,MAANALU,Maan Aluminium Limited,EQ,22-OCT-2007,5,,,,,NSE
INE216A01030,BRITANNIA,Britannia Industries Limited,EQ,05-NOV-1998,1,,,,,NSE
INE216P01012,AAVAS,Aavas Financiers Limited,EQ,08-OCT-2018,10,,,,,NSE
INE217A01012,ZUARIIND,ZUARI INDUSTRIES LIMITED,EQ,12-APR-1995,10,,,,,NSE
INE217B01036,KAJARIACER,Kajaria Ceramics Limited,EQ,01-JUN-2004,1,,,,,NSE
INE217G01035,EQUIPPP,Equippp Social Impact Technologies Limited,BE,19-MAY-2021,1,,,,,NSE
INE217K01011,RHFL,Reliance Home Finance Limited,BZ,22-SEP-2017,10,,,,,NSE
INE217L01019,SHRIRAMPPS,Shriram Properties Limited,EQ,20-DEC-2021,10,,,,,NSE
INE218C01016,AUSOMENT,Ausom Enterprise Limited,EQ,17-APR-1996,10,,,,,NSE
INE218G01033,PALREDTEC,Palred Technologies Limited,BE,09-MAY-2016,10,,,,,NSE
INE218I01013,CRAMC,Canara Robeco Asset Management Company Limited,EQ,16-OCT-2025,10,,,,,NSE
INE219Y01026,RMDRIP,R M Drip and Sprinklers Systems Limited,EQ,30-JUL-2025,1,,,,,NSE
INE220B01022,KPIL,Kalpataru Projects International Limited,EQ,15-DEC-2000,2,,,,,NSE
INE220G01021,JSL,Jindal Stainless Limited,EQ,17-NOV-2003,2,,,,,NSE
INE220Q01020,MUFTI,Credo Brands Marketing Limited,EQ,27-DEC-2023,2,,,,,NSE
INE220Z01013,SHINDL,Sharat Industries Limited,EQ,20-APR-2026,10,,,,,NSE
INE221B01012,DYNAMATECH,Dynamatic Technologies Limited,EQ,14-SEP-2006,10,,,,,NSE
INE221H01019,GTLINFRA,GTL Infrastructure Limited,EQ,09-NOV-2006,10,,,,,NSE
INE221J01015,SHARDACROP,Sharda Cropchem Limited,EQ,23-SEP-2014,10,,,,,NSE
INE224A01026,GREAVESCOT,Greaves Cotton Limited,EQ,09-SEP-2004,2,,,,,NSE
INE224E01028,GATECH,GACM Technologies Limited,EQ,25-JUL-2016,1,,,,,NSE
INE224E01036,GATECHDVR,GACM Technologies Limited,EQ,10-OCT-2017,1,,,,,NSE
INE225B01021,FERMENTA,Fermenta Biotech Limited,EQ,20-APR-2026,5,,,,,NSE
INE225D01027,SYMPHONY,Symphony Limited,EQ,15-JUN-2011,2,,,,,NSE
INE226A01021,VOLTAS,Voltas Limited,EQ,12-APR-1995,1,,,,,NSE
INE226H01026,SADBHAV,Sadbhav Engineering Limited,BE,01-MAR-2006,1,,,,,NSE
INE227C01017,MMFL,MM Forgings Limited,EQ,20-DEC-2006,10,,,,,NSE
INE227G01018,INDOWIND,Indowind Energy Limited,BE,14-SEP-2007,10,,,,,NSE
INE227J01012,KALPATARU,Kalpataru Limited,EQ,01-JUL-2025,10,,,,,NSE
INE227W01023,CLEAN,Clean Science and Technology Limited,EQ,19-JUL-2021,1,,,,,NSE
INE228A01035,USHAMART,Usha Martin Limited,EQ,11-OCT-2000,1,,,,,NSE
INE228I01012,ASAHISONG,Asahi Songwon Colors Limited,EQ,29-AUG-2011,10,,,,,NSE
INE229A01017,ONWARDTEC,Onward Technologies Limited,EQ,07-MAR-2001,10,,,,,NSE
INE229C01021,SAGCEM,Sagar Cements Limited,EQ,29-JAN-2007,2,,,,,NSE
INE229H01012,NITINSPIN,Nitin Spinners Limited,EQ,02-FEB-2006,10,,,,,NSE
INE230A01023,EIHOTEL,EIH Limited,EQ,08-FEB-1995,2,,,,,NSE
INE230B01021,CREATIVEYE,Creative Eye Limited,EQ,20-DEC-2000,5,,,,,NSE
INE230R01035,RAMASTEEL,Rama Steel Tubes Limited,EQ,19-AUG-2015,1,,,,,NSE
INE231C01019,SHREYANIND,Shreyans Industries Limited,EQ,06-NOV-1996,10,,,,,NSE
INE231F01020,SASKEN,Sasken Technologies Limited,EQ,09-SEP-2005,10,,,,,NSE
INE231G01010,ORBTEXP,Orbit Exports Limited,EQ,05-NOV-2013,10,,,,,NSE
INE232A01011,SHREDIGCEM,Shree Digvijay Cement Co.Ltd,EQ,28-JAN-2020,10,,,,,NSE
INE232E01013,VELJAN,Veljan Denison Limited,EQ,20-APR-2026,10,,,,,NSE
INE232I01014,SPARC,Sun Pharma Advanced Research Company Limited,EQ,18-JUL-2007,1,,,,,NSE
INE233A01035,GODREJIND,Godrej Industries Limited,EQ,25-FEB-2003,1,,,,,NSE
INE233B01017,BLUEDART,Blue Dart Express Limited,EQ,12-DEC-2002,10,,,,,NSE
INE234A01025,NOVARTIND,Novartis India Limited,EQ,20-APR-2026,5,,,,,NSE
INE234I01028,KAUSHALYA,Kaushalya Infrastructure Development Corporation Limited,EQ,14-DEC-2007,1000,,,,,NSE
INE235A01022,FINCABLES,Finolex Cables Limited,EQ,15-FEB-1995,2,,,,,NSE
INE235C01036,SUMEETINDS,Sumeet Industries Limited,EQ,10-DEC-2010,2,,,,,NSE
INE236A01020,HCL-INSYS,HCL Infosystems Limited,EQ,01-JAN-1997,2,,,,,NSE
INE236E01022,ELLEN,Ellenbarrie Industrial Gases Limited,EQ,01-JUL-2025,2,,,,,NSE
INE236G01019,TVSELECT,TVS Electronics Limited,EQ,26-DEC-2003,10,,,,,NSE
INE236Y01012,NGIL,Nakoda Group of Industries Limited,EQ,20-AUG-2021,10,,,,,NSE
INE237A01036,KOTAKBANK,Kotak Mahindra Bank Limited,EQ,20-DEC-1995,1,,,,,NSE
INE238A01034,AXISBANK,Axis Bank Limited,EQ,16-NOV-1998,2,,,,,NSE
INE239A01024,NESTLEIND,Nestle India Limited,EQ,01-AUG-2023,1,,,,,NSE
INE239C01020,STYLAMIND,Stylam Industries Limited,EQ,02-AUG-2021,5,,,,,NSE
INE239D01028,OMINFRAL,OM INFRA LIMITED,EQ,17-JUN-2011,1,,,,,NSE
INE240C01028,UMESLTD,Usha Martin Education & Solutions Limited,BE,12-JUL-2010,1,,,,,NSE
INE242A01010,IOC,Indian Oil Corporation Limited,EQ,24-JUL-1996,10,,,,,NSE
INE242C01024,ANANTRAJ,Anant Raj Limited,EQ,27-SEP-2006,2,,,,,NSE
INE243D01012,BFUTILITIE,BF Utilities Limited,EQ,03-MAY-2007,5,,,,,NSE
INE244A01016,DENORA,De Nora India Limited,EQ,07-AUG-1997,10,,,,,NSE
INE244B01030,PATELENG,Patel Engineering Limited,EQ,24-FEB-2005,1,,,,,NSE
INE244O01017,UNIPARTS,Uniparts India Limited,EQ,12-DEC-2022,10,,,,,NSE
INE245A01021,TATAPOWER,Tata Power Company Limited,EQ,03-APR-1996,1,,,,,NSE
INE245I01016,NAGREEKCAP,Nagreeka Capital & Infrastructure Limited,BE,18-SEP-2007,5,,,,,NSE
INE246B01019,RAMCOSYS,Ramco Systems Limited,EQ,12-APR-2000,10,,,,,NSE
INE247D01039,JINDWORLD,Jindal Worldwide Limited,EQ,25-NOV-2010,1,,,,,NSE
INE247M01014,SPECIALITY,Speciality Restaurants Limited,EQ,30-MAY-2012,10,,,,,NSE
INE248A01017,ITI,ITI Limited,EQ,15-SEP-2003,10,,,,,NSE
INE249Z01020,MAZDOCK,Mazagon Dock Shipbuilders Limited,EQ,12-OCT-2020,5,,,,,NSE
INE24OJ01011,BUILDPRO,Shankara Buildpro Limited,EQ,09-JAN-2026,10,,,,,NSE
INE250A01039,KIRLOSIND,Kirloskar Industries Limited,EQ,24-JUN-2010,10,,,,,NSE
INE250B01029,VINYLINDIA,Vinyl Chemicals (India) Limited,EQ,21-JUL-2008,1,,,,,NSE
INE250K01012,DLINKINDIA,D-Link (India) Limited,EQ,18-DEC-2009,2,,,,,NSE
INE250Z01010,INDOUS,Indo Us Biotech Limited,EQ,27-SEP-2024,10,,,,,NSE
INE251B01027,ZENTEC,Zen Technologies Limited,EQ,30-MAR-2015,1,,,,,NSE
INE251C01025,ABMINTLLTD,ABM International Limited,BE,09-SEP-2021,10,,,,,NSE
INE251H01024,GVKPIL,GVK Power & Infrastructure Limited,BE,27-FEB-2006,1,,,,,NSE
INE253B01015,21STCENMGM,21st Century Management Services Limited,EQ,03-MAY-1995,10,,,,,NSE
INE254N01026,HNDFDS,Hindustan Foods Limited,EQ,06-JUN-2023,2,,,,,NSE
INE255A01020,EPL,EPL Limited,EQ,11-FEB-2002,2,,,,,NSE
INE255D01024,GULPOLY,Gulshan Polyols Limited,EQ,28-JAN-2015,1,,,,,NSE
INE255X01014,MSTCLTD,Mstc Limited,EQ,29-MAR-2019,10,,,,,NSE
INE255Z01019,E2E,E2E Networks Limited,BE,12-APR-2022,10,,,,,NSE
INE256A01028,ZEEL,Zee Entertainment Enterprises Limited,EQ,09-SEP-1998,1,,,,,NSE
INE256C01024,TRIVENI,Triveni Engineering & Industries Limited,EQ,13-DEC-2005,1,,,,,NSE
INE256H01015,DYNPRO,Dynemic Products Limited,EQ,19-JUL-2017,10,,,,,NSE
INE256Z01025,AKSHAR,Akshar Spintex Limited,EQ,23-MAY-2022,1,,,,,NSE
INE257A01026,BHEL,Bharat Heavy Electricals Limited,EQ,11-NOV-2003,2,,,,,NSE
INE258A01024,BEML,BEML Limited,EQ,05-NOV-2003,5,,,,,NSE
INE258B01022,FDC,FDC Limited,EQ,07-AUG-1997,1,,,,,NSE
INE258G01013,SUMICHEM,Sumitomo Chemical India Limited,EQ,27-JAN-2020,10,,,,,NSE
INE258Y01016,LGHL,Laxmi Goldorna House Limited,EQ,10-NOV-2023,10,,,,,NSE
INE259A01022,COLPAL,Colgate Palmolive (India) Limited,EQ,17-DEC-2007,1,,,,,NSE
INE25E901019,OMPOWER,Om Power Transmission Limited,EQ,17-APR-2026,10,,,,,NSE
INE260B01028,GODFRYPHLP,Godfrey Phillips India Limited,EQ,24-JUL-1996,2,,,,,NSE
INE260D01016,OLECTRA,Olectra Greentech Limited,EQ,20-MAR-2002,4,,,,,NSE
INE262A01018,HMT,HMT Limited,BZ,29-AUG-2003,10,,,,,NSE
INE262H01021,PERSISTENT,Persistent Systems Limited,EQ,06-APR-2010,5,,,,,NSE
INE262Z01023,LATTEYS,Latteys Industries Limited,BE,23-MAY-2023,2,,,,,NSE
INE263A01024,BEL,Bharat Electronics Limited,EQ,19-JUL-2000,1,,,,,NSE
INE263M01029,RUSTOMJEE,Keystone Realtors Limited,EQ,24-NOV-2022,10,,,,,NSE
INE263W01010,MAHESHWARI,Maheshwari Logistics Limited,EQ,15-APR-2019,10,,,,,NSE
INE264T01014,CAPACITE,Capacit'e Infraprojects Limited,EQ,25-SEP-2017,10,,,,,NSE
INE265B01019,NITTAGELA,Nitta Gelatin India Limited,EQ,20-APR-2026,10,,,,,NSE
INE265F01028,ENIL,Entertainment Network (India) Limited,EQ,15-FEB-2006,10,,,,,NSE
INE266D01021,GRAUWEIL,Grauer & Weil India Limited,EQ,20-APR-2026,1,,,,,NSE
INE266F01018,APTECHT,Aptech Limited,EQ,27-SEP-2002,10,,,,,NSE
INE266Y01019,DPABHUSHAN,D. P. Abhushan Limited,EQ,03-NOV-2020,10,,,,,NSE
INE267A01025,HINDZINC,Hindustan Zinc Limited,EQ,21-NOV-2006,2,,,,,NSE
INE268B01013,KREBSBIO,Krebs Biochemicals and Industries Limited,BE,03-JAN-1996,10,,,,,NSE
INE268H01044,NAVKARURB,Navkar Urbanstructure Limited,EQ,17-JAN-2025,1,,,,,NSE
INE268L01046,SHEKHAWATI,Shekhawati Industries Limited,BE,12-JAN-2011,10,,,,,NSE
INE269A01021,SONATSOFTW,Sonata Software Limited,EQ,28-JUL-1999,1,,,,,NSE
INE269B01029,LMW,LMW Limited,EQ,29-MAR-1995,10,,,,,NSE
INE270A01029,ALOKINDS,Alok Industries Limited,EQ,19-FEB-2020,1,,,,,NSE
INE270B01035,MAFATIND,Mafatlal Industries Limited,EQ,20-APR-2026,2,,,,,NSE
INE270I01022,VISHNU,Vishnu Chemicals Limited,EQ,05-MAR-2015,2,,,,,NSE
INE271B01025,MAHSEAMLES,Maharashtra Seamless Limited,EQ,25-AUG-2004,5,,,,,NSE
INE271C01023,DLF,DLF Limited,EQ,05-JUL-2007,2,,,,,NSE
INE272L01022,SURANASOL,Surana Solar Limited,EQ,07-JAN-2011,5,,,,,NSE
INE273D01027,VGL,VARVEE GLOBAL LIMITED,EQ,21-NOV-2006,5,,,,,NSE
INE274C01019,WENDT,Wendt (India) Limited,EQ,07-AUG-2006,10,,,,,NSE
INE274F01020,WESTLIFE,WESTLIFE FOODWORLD LIMITED,EQ,05-JUN-2023,2,,,,,NSE
INE274J01014,OIL,Oil India Limited,EQ,30-SEP-2009,10,,,,,NSE
INE274K01012,BTTL,Bhilwara Technical Textiles Limited,EQ,20-APR-2026,1,,,,,NSE
INE274V01019,SHANKARA,Shankara Building Products Limited,BE,05-APR-2017,10,,,,,NSE
INE274Y01021,AJAXENGG,Ajax Engineering Limited,EQ,17-FEB-2025,1,,,,,NSE
INE275B01026,HUHTAMAKI,Huhtamaki India Limited,EQ,01-OCT-2004,2,,,,,NSE
INE275D01022,AMNPLST,Amines & Plasticizers Limited,EQ,10-NOV-2023,2,,,,,NSE
INE276A01018,GARFIBRES,Garware Technical Fibres Limited,EQ,03-APR-2007,10,,,,,NSE
INE276C01014,EIHAHOTELS,EIH Associated Hotels Limited,EQ,08-APR-2008,10,,,,,NSE
INE276G01015,ASIANENE,Asian Energy Services Limited,EQ,09-DEC-2021,10,,,,,NSE
INE277A01016,SWARAJENG,Swaraj Engines Limited,EQ,06-DEC-1995,10,,,,,NSE
INE277B01014,PUNJABCHEM,Punjab Chemicals & Crop Protection Limited,EQ,08-MAR-2007,10,,,,,NSE
INE277C01012,REGENCERAM,Regency Ceramics Limited,EQ,05-JUN-1996,10,,,,,NSE
INE278B01020,RAMANEWS,Shree Rama Newsprint Limited,EQ,20-SEP-2006,10,,,,,NSE
INE278G01037,CYBERMEDIA,Cyber Media (India) Limited,BE,10-JUN-2005,10,,,,,NSE
INE278H01035,SANDHAR,Sandhar Technologies Limited,EQ,02-APR-2018,10,,,,,NSE
INE278M01019,NAVKARCORP,Navkar Corporation Limited,EQ,09-SEP-2015,10,,,,,NSE
INE278Y01022,CAMPUS,Campus Activewear Limited,EQ,09-MAY-2022,5,,,,,NSE
INE279A01012,UNIVCABLES,Universal Cables Limited,EQ,17-MAY-1995,10,,,,,NSE
INE280A01028,TITAN,Titan Company Limited,EQ,24-SEP-2004,1,,,,,NSE
INE280B01018,ELANTAS,Elantas Beck India Limited,EQ,20-APR-2026,10,,,,,NSE
INE280H01015,SAHYADRI,Sahyadri Industries Limited,EQ,06-APR-2023,10,,,,,NSE
INE281A01026,CENTEXT,Century Extrusions Limited,EQ,20-JUL-2004,1,,,,,NSE
INE281B01032,LLOYDSME,Lloyds Metals And Energy Limited,EQ,17-JUL-2023,1,,,,,NSE
INE283A01014,PRECOT,Precot Limited,BE,19-AUG-2005,10,,,,,NSE
INE283H01019,ROHLTD,Royal Orchid Hotels Limited,EQ,06-FEB-2006,10,,,,,NSE
INE284A01012,ESABINDIA,Esab India Limited,EQ,01-NOV-1995,10,,,,,NSE
INE284H01025,DAMCAPITAL,Dam Capital Advisors Limited,EQ,27-DEC-2024,2,,,,,NSE
INE284S01014,SJS,S.J.S. Enterprises Limited,EQ,15-NOV-2021,10,,,,,NSE
INE285A01027,ELGIEQUIP,Elgi Equipments Limited,EQ,22-NOV-1995,1,,,,,NSE
INE285H01022,ATLANTAA,ATLANTAA LIMITED,EQ,25-SEP-2006,2,,,,,NSE
INE285J01028,SIS,SIS LIMITED,EQ,10-AUG-2017,5,,,,,NSE
INE285K01026,TECHNOE,Techno Electric & Engineering Company Limited,EQ,04-DEC-2018,2,,,,,NSE
INE286H01012,VISASTEEL,Visa Steel Limited,BE,17-MAR-2006,10,,,,,NSE
INE287B01021,SUBROS,Subros Limited,EQ,13-JUL-2005,2,,,,,NSE
INE287C01037,MICEL,MIC Electronics Limited,EQ,17-DEC-2021,2,,,,,NSE
INE287Z01012,GAYAHWS,Gayatri Highways Limited,EQ,28-JUN-2018,2,,,,,NSE
INE288A01013,MAHSCOOTER,Maharashtra Scooters Limited,EQ,08-FEB-1995,10,,,,,NSE
INE288B01029,DEEPAKNTR,Deepak Nitrite Limited,EQ,29-SEP-2010,2,,,,,NSE
INE289A01011,NAHARINDUS,Nahar Industrial Enterprises Limited,EQ,15-DEC-2005,10,,,,,NSE
INE289B01019,GICHSGFIN,GIC Housing Finance Limited,EQ,08-MAY-1996,10,,,,,NSE
INE289C01025,TEAMGTY,Team India Guaranty Limited,EQ,11-JUN-2002,10,,,,,NSE
INE28GN01010,ADVENTHTL,Advent Hotels International Limited,EQ,13-NOV-2025,10,,,,,NSE
INE290A01027,NAHARSPING,Nahar Spinning Mills Limited,BE,23-MAR-2007,5,,,,,NSE
INE290S01011,CARTRADE,Cartrade Tech Limited,EQ,20-AUG-2021,10,,,,,NSE
INE291A01017,GRWRHITECH,Garware Hi-Tech Films Limited,EQ,03-FEB-2022,10,,,,,NSE
INE291D01011,KDDL,KDDL Limited,EQ,23-MAR-2016,10,,,,,NSE
INE291E01019,PML,Paul Merchants Limited,EQ,20-APR-2026,10,,,,,NSE
INE291W01037,GLOBAL,Global Education Limited,EQ,07-DEC-2020,2,,,,,NSE
INE292B01021,HBLENGINE,HBL Engineering Limited,EQ,04-JAN-2007,1,,,,,NSE
INE293B01029,HAVISHA,Sri Havisha Hospitality and Infrastructure Limited,BE,16-FEB-2000,2,,,,,NSE
INE294B01019,SMLMAH,SML Mahindra Limited,EQ,29-AUG-2003,10,,,,,NSE
INE294G01026,ROML,Raj Oil Mills Limited,EQ,06-OCT-2020,10,,,,,NSE
INE294Z01018,ANUP,The Anup Engineering Limited,EQ,01-MAR-2019,10,,,,,NSE
INE295A01018,EVERESTIND,Everest Industries Limited,EQ,29-MAR-1995,10,,,,,NSE
INE295D01020,NACLIND,NACL Industries Limited,EQ,07-APR-2017,1,,,,,NSE
INE295F01017,BUTTERFLY,Butterfly Gandhimathi Appliances Limited,EQ,28-APR-2014,10,,,,,NSE
INE296A01032,BAJFINANCE,Bajaj Finance Limited,EQ,01-APR-2003,1,,,,,NSE
INE296C01020,FIBERWEB,Fiberweb (India) Limited,BE,16-FEB-2022,10,,,,,NSE
INE296E01026,RAJPALAYAM,Rajapalayam Mills Limited,EQ,20-APR-2026,10,,,,,NSE
INE296G01013,MUTHOOTCAP,Muthoot Capital Services Limited,EQ,24-AUG-2015,10,,,,,NSE
INE296H01011,EMKAY,Emkay Global Financial Services Limited,EQ,28-APR-2006,10,,,,,NSE
INE296Q01012,MONEYBOXX,Moneyboxx Finance Limited,EQ,15-OCT-2025,10,,,,,NSE
INE297H01019,GALLANTT,Gallantt Ispat Limited,EQ,04-APR-2006,10,,,,,NSE
INE298A01020,CUMMINSIND,Cummins India Limited,EQ,29-MAR-1995,2,,,,,NSE
INE298G01035,AJMERA,Ajmera Realty & Infra India Limited,EQ,16-JUN-2009,2,,,,,NSE
INE298I01015,ARIES,Aries Agro Limited,EQ,11-JAN-2008,10,,,,,NSE
INE298J01013,NAM-INDIA,Nippon Life India Asset Management Limited,EQ,06-NOV-2017,10,,,,,NSE
INE299N01021,WAAREERTL,Waaree Renewable Technologies Limited,EQ,09-APR-2025,2,,,,,NSE
INE299U01018,CROMPTON,Crompton Greaves Consumer Electricals Limited,EQ,13-MAY-2016,2,,,,,NSE
INE2J8701016,SKFINDUS,SKF India (Industrial) Limited,EQ,05-DEC-2025,10,,,,,NSE
INE2KCE01013,KWIL,Kwality Wall's (India) Limited,EQ,16-FEB-2026,1,,,,,NSE
INE301A01014,RAYMOND,Raymond Limited,EQ,18-OCT-1995,10,,,,,NSE
INE301D01026,RUBYMILLS,The Ruby Mills Limited,EQ,29-MAR-1995,5,,,,,NSE
INE302A01020,EXIDEIND,Exide Industries Limited,EQ,17-JUN-2003,1,,,,,NSE
INE303A01010,DICIND,DIC India Limited,EQ,30-AUG-1995,10,,,,,NSE
INE303R01014,KALYANKJIL,Kalyan Jewellers India Limited,EQ,26-MAR-2021,10,,,,,NSE
INE304A01026,MUKANDLTD,Mukand Limited,EQ,23-FEB-2004,10,,,,,NSE
INE304W01038,BLUESTONE,BlueStone Jewellery and Lifestyle Limited,EQ,19-AUG-2025,1,,,,,NSE
INE305A01023,TFCILTD,Tourism Finance Corporation of India Limited,EQ,26-JUL-2000,2,,,,,NSE
INE305C01029,PANAMAPET,Panama Petrochem Limited,EQ,30-SEP-2011,2,,,,,NSE
INE306A01021,BAJAJHIND,Bajaj Hindusthan Sugar Limited,EQ,10-MAY-1995,1,,,,,NSE
INE306C01019,ENERGYDEV,Energy Development Company Limited,EQ,02-NOV-2007,10,,,,,NSE
INE306L01010,QUICKHEAL,Quick Heal Technologies Limited,EQ,18-FEB-2016,10,,,,,NSE
INE306R01017,INTELLECT,Intellect Design Arena Limited,EQ,18-DEC-2014,5,,,,,NSE
INE308A01027,NAHARPOLY,Nahar Poly Films Limited,EQ,23-MAR-2007,5,,,,,NSE
INE308E01029,SVPGLOB,SVP GLOBAL TEXTILES LIMITED,BE,14-JUL-2021,1,,,,,NSE
INE309M01020,PREMIERPOL,Premier Polyfilm Limited,BE,13-DEC-1995,1,,,,,NSE
INE310A01015,NILKAMAL,Nilkamal Limited,EQ,01-NOV-1995,10,,,,,NSE
INE310C01029,HINDCOMPOS,Hindustan Composites Limited,EQ,08-MAY-1996,5,,,,,NSE
INE312C01025,SYNCOMF,Syncom Formulations (India) Limited,EQ,18-NOV-2022,1,,,,,NSE
INE313L01016,RSL,Rajputana Stainless Limited,EQ,19-MAR-2026,10,,,,,NSE
INE314C01013,SOMATEX,Soma Textiles & Industries Limited,EQ,14-AUG-1996,10,,,,,NSE
INE314G01014,KALYANIFRG,Kalyani Forge Limited,EQ,20-DEC-2007,10,,,,,NSE
INE314H01012,TECHNVISN,TechNVision Ventures Limited,EQ,20-APR-2026,10,,,,,NSE
INE314T01033,GOKULAGRO,Gokul Agro Resources Limited,EQ,11-MAR-2016,1,,,,,NSE
INE316L01019,BHARATWIRE,Bharat Wire Ropes Limited,EQ,01-APR-2016,10,,,,,NSE
INE317F01035,NESCO,Nesco Limited,EQ,08-APR-2008,2,,,,,NSE
INE317I01021,METROBRAND,Metro Brands Limited,EQ,22-DEC-2021,5,,,,,NSE
INE318A01026,PIDILITIND,Pidilite Industries Limited,EQ,29-MAR-1995,1,,,,,NSE
INE318C01014,SAYAJIHOTL,Sayaji Hotels Limited,EQ,20-APR-2026,10,,,,,NSE
INE318D01020,ZENITHSTL,Zenith Steel Pipes & Industries Limited,EQ,30-APR-2007,10,,,,,NSE
INE319B01014,BYKE,The Byke Hospitality Ltd,BE,15-APR-2015,10,,,,,NSE
INE319Y01024,TIRUPATIFL,Tirupati Forge Limited,BE,04-AUG-2020,2,,,,,NSE
INE319Z01021,SUPREMEENG,Supreme Engineering Limited,BZ,04-DEC-2020,1,,,,,NSE
INE320B01020,CENTUM,Centum Electronics Limited,EQ,05-OCT-2007,10,,,,,NSE
INE320J01015,RITES,RITES Limited,EQ,02-JUL-2018,10,,,,,NSE
INE320L01011,DHUNINV,Dhunseri Investments Limited,EQ,18-MAR-2011,10,,,,,NSE
INE320X01016,HALEOSLABS,HALEOS LABS LIMITED,EQ,17-AUG-2017,10,,,,,NSE
INE321M01017,SONAL,Sonal Mercantile Limited,EQ,20-APR-2026,10,,,,,NSE
INE321T01012,DOMS,DOMS Industries Limited,EQ,20-DEC-2023,10,,,,,NSE
INE322A01010,GILLETTE,Gillette India Limited,EQ,30-JUL-2003,10,,,,,NSE
INE323A01026,BOSCHLTD,Bosch Limited,EQ,12-MAY-2003,10,,,,,NSE
INE323B01024,AVONMORE,Avonmore Capital & Management Services Limited,EQ,04-JAN-2023,1,,,,,NSE
INE323C01030,INDIANHUME,Indian Hume Pipe Company Limited,EQ,30-AUG-1995,2,,,,,NSE
INE323I01011,PURVA,Puravankara Limited,EQ,30-AUG-2007,5,,,,,NSE
INE323J01019,SOMICONVEY,Somi Conveyor Beltings Limited,EQ,18-JUL-2016,10,,,,,NSE
INE324A01032,JINDALSAW,Jindal Saw Limited,EQ,29-APR-2003,1,,,,,NSE
INE324D01010,LGEINDIA,LG Electronics India Limited,EQ,14-OCT-2025,10,,,,,NSE
INE324L01013,RPPINFRA,R.P.P. Infra Projects Limited,EQ,06-DEC-2010,10,,,,,NSE
INE324X01026,SARVESHWAR,Sarveshwar Foods Limited,BE,08-DEC-2022,1,,,,,NSE
INE325A01013,TIMKEN,Timken India Limited,EQ,06-FEB-2007,10,,,,,NSE
INE325C01035,DOLLAR,Dollar Industries Limited,EQ,21-APR-2017,2,,,,,NSE
INE325D01025,SINDHUTRAD,Sindhu Trade Links Limited,EQ,20-JUN-2023,1,,,,,NSE
INE325G01010,AVAILFC,Available Finance Limited,EQ,20-APR-2026,10,,,,,NSE
INE326A01037,LUPIN,Lupin Limited,EQ,10-SEP-2001,2,,,,,NSE
INE326B01035,ALMONDZ,Almondz Global Securities Limited,EQ,16-JUN-2008,1,,,,,NSE
INE326T01011,NIRAJISPAT,Niraj Ispat Industries Limited,BE,27-OCT-2016,10,,,,,NSE
INE330H01018,RCOM,Reliance Communications Limited,BE,06-MAR-2006,5,,,,,NSE
INE330T01021,HAPPYFORGE,Happy Forgings Limited,EQ,27-DEC-2023,2,,,,,NSE
INE331A01037,RAMCOCEM,The Ramco Cements Limited,EQ,09-APR-1997,1,,,,,NSE
INE332A01027,THOMASCOOK,Thomas Cook  (India)  Limited,EQ,07-JUN-2000,1,,,,,NSE
INE332H01014,INDOTECH,Indo Tech Transformers Limited,EQ,16-MAR-2006,10,,,,,NSE
INE334A01023,STERTOOLS,Sterling Tools Limited,EQ,02-FEB-2006,2,,,,,NSE
INE335A01020,SURYAROSNI,Surya Roshni Limited,EQ,10-MAY-1995,5,,,,,NSE
INE335K01011,COFFEEDAY,Coffee Day Enterprises Limited,EQ,02-NOV-2015,10,,,,,NSE
INE335W01016,GANGESSECU,Ganges Securities Limited,EQ,28-JUL-2017,10,,,,,NSE
INE335Y01020,IRCTC,Indian Railway Catering And Tourism Corporation Limited,EQ,14-OCT-2019,2,,,,,NSE
INE336H01023,GAYAPROJ,Gayatri Projects Limited,BE,22-AUG-2011,2,,,,,NSE
INE336X01012,TOTAL,Total Transport Systems Limited,EQ,28-AUG-2020,10,,,,,NSE
INE337A01034,LGBBROSLTD,LG Balakrishnan & Bros Limited,EQ,30-MAR-2010,10,,,,,NSE
INE337M01021,INDOTHAI,Indo Thai Securities Limited,EQ,02-NOV-2011,1,,,,,NSE
INE338A01024,TIRUMALCHM,Thirumalai Chemicals Limited,EQ,14-MAY-2003,1,,,,,NSE
INE338D01028,BODALCHEM,Bodal Chemicals Limited,EQ,22-AUG-2011,2,,,,,NSE
INE338F01015,KLBRENG-B,Kilburn Engineering Limited,EQ,20-APR-2026,10,,,,,NSE
INE338H01029,CONCORDBIO,Concord Biotech Limited,EQ,18-AUG-2023,1,,,,,NSE
INE338I01027,MOTILALOFS,Motilal Oswal Financial Services Limited,EQ,11-SEP-2007,1,,,,,NSE
INE340A01012,BIRLACORPN,Birla Corporation Limited,EQ,12-APR-1995,10,,,,,NSE
INE341R01014,DTIL,Dhunseri Tea & Industries Limited,EQ,20-JAN-2015,10,,,,,NSE
INE342A01018,PREMIER,Premier Limited,BE,03-APR-1996,10,,,,,NSE
INE342G01023,NIITMTS,NIIT Learning Systems Limited,EQ,08-AUG-2023,2,,,,,NSE
INE342J01019,ZFCVINDIA,ZF Commercial Vehicle Control Systems India Limited,EQ,01-OCT-2008,5,,,,,NSE
INE343B01030,RAJESHEXPO,Rajesh Exports Limited,BZ,09-FEB-2000,1,,,,,NSE
INE343G01021,BHARTIHEXA,Bharti Hexacom Limited,EQ,12-APR-2024,5,,,,,NSE
INE343H01029,SOLARINDS,Solar Industries India Limited,EQ,03-APR-2006,2,,,,,NSE
INE344S01016,INFOBEAN,InfoBeans Technologies Limited,EQ,15-JUL-2019,10,,,,,NSE
INE344T01014,BELLACASA,Bella Casa Fashion & Retail Limited,EQ,18-JUL-2025,10,,,,,NSE
INE345A01011,HINDOILEXP,Hindustan Oil Exploration Company Limited,EQ,23-SEP-2003,10,,,,,NSE
INE345B01019,CEREBRAINT,Cerebra Integrated Technologies Limited,BZ,26-JUN-2013,10,,,,,NSE
INE345H01024,CIFL,Capital India Finance Limited,EQ,17-APR-2025,2,,,,,NSE
INE346A01027,ICICIAMC,ICICI Prudential Asset Management Company Limited,EQ,19-DEC-2025,1,,,,,NSE
INE346W01013,APEX,Apex Frozen Foods Limited,EQ,04-SEP-2017,10,,,,,NSE
INE347A01017,MANGLMCEM,Mangalam Cement Limited,EQ,03-JAN-1996,10,,,,,NSE
INE347G01014,PETRONET,Petronet LNG Limited,EQ,26-MAR-2004,10,,,,,NSE
INE347W01011,MAGADSUGAR,Magadh Sugar & Energy Limited,EQ,28-JUL-2017,10,,,,,NSE
INE348A01023,ASHAPURMIN,Ashapura Minechem Limited,EQ,20-SEP-1995,2,,,,,NSE
INE348B01021,CENTURYPLY,Century Plyboards (India) Limited,EQ,23-MAR-2006,1,,,,,NSE
INE348L01012,MASFIN,MAS Financial Services Limited,EQ,18-OCT-2017,10,,,,,NSE
INE349A01021,NRBBEARING,NRB Bearing Limited,EQ,08-MAR-2000,2,,,,,NSE
INE349W01017,AVADHSUGAR,Avadh Sugar & Energy Limited,BE,28-JUL-2017,10,,,,,NSE
INE349Y01013,IDEAFORGE,Ideaforge Technology Limited,EQ,07-JUL-2023,10,,,,,NSE
INE350C01017,OPTIEMUS,Optiemus Infracom Limited,EQ,08-AUG-2017,10,,,,,NSE
INE350H01032,BLKASHYAP,B. L. Kashyap and Sons Limited,EQ,17-MAR-2006,1,,,,,NSE
INE350Z01018,GLOSTERLTD,Gloster Limited,EQ,26-APR-2024,10,,,,,NSE
INE351A01035,UNICHEMLAB,Unichem Laboratories Limited,EQ,07-FEB-2001,2,,,,,NSE
INE351F01018,JPPOWER,Jaiprakash Power Ventures Limited,EQ,18-APR-2005,10,,,,,NSE
INE351Y01019,BETA,Beta Drugs Limited,EQ,24-NOV-2025,10,,,,,NSE
INE353A01023,NDLVENTURE,NDL Ventures Limited,EQ,24-APR-2007,10,,,,,NSE
INE353H01010,SGL,STL Global Limited,EQ,10-APR-2006,10,,,,,NSE
INE353K01014,ITDC,India Tourism Development Corporation Limited,EQ,30-DEC-2016,10,,,,,NSE
INE354C01027,BHAGERIA,Bhageria Industries Limited,EQ,02-MAR-2016,5,,,,,NSE
INE355A01028,SOMANYCERA,Somany Ceramics Limited,EQ,22-NOV-1995,2,,,,,NSE
INE356A01018,MPHASIS,MphasiS Limited,EQ,04-JUN-2004,10,,,,,NSE
INE356B01024,SYSTMTXC,Systematix Corporate Services Limited,EQ,06-OCT-2025,1,,,,,NSE
INE358A01014,ABBOTINDIA,Abbott India Limited,EQ,08-JAN-2010,10,,,,,NSE
INE358U01012,ZOTA,Zota Health Care LImited,EQ,19-AUG-2019,10,,,,,NSE
INE360C01024,DPSCLTD,DPSC Limited,EQ,21-APR-2008,1,,,,,NSE
INE360L01017,FMNL,Future Market Networks Limited,EQ,31-DEC-2010,10,,,,,NSE
INE361B01024,DIVISLAB,Divi's Laboratories Limited,EQ,12-MAR-2003,2,,,,,NSE
INE361K01017,GRADIENTE,Gradiente Infotainment Limited,BE,08-MAY-2026,10,,,,,NSE
INE362A01016,PVP,PVP Ventures Limited,EQ,03-APR-1996,10,,,,,NSE
INE363A01022,ASIANHOTNR,Asian Hotels (North) Limited,EQ,07-APR-2010,10,,,,,NSE
INE363M01019,SHEMAROO,Shemaroo Entertainment Limited,EQ,01-OCT-2014,10,,,,,NSE
INE364A01020,JAYSREETEA,Jayshree Tea & Industries Limited,EQ,15-FEB-1995,5,,,,,NSE
INE364U01010,ADANIGREEN,Adani Green Energy Limited,EQ,18-JUN-2018,10,,,,,NSE
INE364Z01019,REPL,Rudrabhishek Enterprises Limited,BE,14-DEC-2020,10,,,,,NSE
INE365B01017,DATAMATICS,Datamatics Global Services Limited,EQ,07-MAY-2004,5,,,,,NSE
INE365D01021,ASHIANA,Ashiana Housing Limited,EQ,29-JUN-2011,2,,,,,NSE
INE365I01020,NBIFIN,N. B. I. Industrial Finance Company Limited,EQ,23-NOV-2016,5,,,,,NSE
INE365O01028,ABANSENT,Abans Enterprises Limited,BE,20-APR-2026,2,,,,,NSE
INE366A01041,DWARKESH,Dwarikesh Sugar Industries Limited,EQ,31-DEC-2004,1,,,,,NSE
INE366C01021,ACSTECH,ACS Technologies Limited,EQ,20-APR-2026,10,,,,,NSE
INE366I01010,VRLLOG,VRL Logistics Limited,EQ,30-APR-2015,10,,,,,NSE
INE367G01038,PFOCUS,Prime Focus Limited,BE,20-JUN-2006,1,,,,,NSE
INE368I01016,NIRAJ,Niraj Cement Structurals Limited,BE,01-OCT-2020,10,,,,,NSE
INE368U01029,UNITEDPOLY,United Polyfab Gujarat Limited,EQ,31-DEC-2021,1,,,,,NSE
INE369A01029,EXCELINDUS,Excel Industries Limited,EQ,16-JUN-2004,5,,,,,NSE
INE369C01017,NORBTEAEXP,Norben Tea & Exports Limited,EQ,26-JUN-1996,10,,,,,NSE
INE369I01014,IL&FSENGG,IL&FS Engineering and Construction Company Limited,BZ,25-OCT-2007,10,,,,,NSE
INE370D01013,MANORG,Mangalam Organics Limited,EQ,02-NOV-2021,10,,,,,NSE
INE370E01029,VIVIDHA,Visagar Polytex Limited,EQ,21-MAY-2013,1,,,,,NSE
INE371A01025,GRAPHITE,Graphite India Limited,EQ,07-FEB-2003,2,,,,,NSE
INE371C01013,PODDARMENT,Poddar Pigments Limited,EQ,22-NOV-2016,10,,,,,NSE
INE371P01015,AMBER,Amber Enterprises India Limited,EQ,30-JAN-2018,10,,,,,NSE
INE372A01015,APARINDS,Apar Industries Limited,EQ,12-JUL-2004,10,,,,,NSE
INE372C01037,PRECWIRE,Precision Wires India Limited,EQ,06-SEP-1995,1,,,,,NSE
INE372E01025,BIRLAPREC,Birla Precision Technologies Limited,EQ,20-APR-2026,2,,,,,NSE
INE373A01013,BASF,BASF India Limited,EQ,17-MAY-1995,10,,,,,NSE
INE374B01019,MUKTAARTS,Mukta Arts Limited,EQ,12-SEP-2000,5,,,,,NSE
INE375Y01018,RELIABLE,Reliable Data Services Limited,EQ,10-JUL-2024,10,,,,,NSE
INE376G01013,BIOCON,Biocon Limited,EQ,07-APR-2004,5,,,,,NSE
INE377E01024,COASTCORP,Coastal Corporation Limited,EQ,08-OCT-2021,2,,,,,NSE
INE377N01017,WAAREEENER,Waaree Energies Limited,EQ,28-OCT-2024,10,,,,,NSE
INE377Y01014,BAJAJHFL,Bajaj Housing Finance Limited,EQ,16-SEP-2024,10,,,,,NSE
INE378D01032,MADHUCON,Madhucon Projects Limited,BE,05-OCT-2006,1,,,,,NSE
INE379A01028,ITCHOTELS,ITC Hotels Limited,EQ,29-JAN-2025,1,,,,,NSE
INE382M01027,UFBL,United Foodbrands Limited,EQ,07-APR-2021,5,,,,,NSE
INE382T01030,GVPTECH,GVP Infotech Limited,EQ,06-SEP-2022,2,,,,,NSE
INE382Z01011,GRSE,Garden Reach Shipbuilders & Engineers Limited,EQ,10-OCT-2018,10,,,,,NSE
INE383A01012,INDIACEM,The India Cements Limited,EQ,31-MAY-2000,10,,,,,NSE
INE383H01017,MALUPAPER,Malu Paper Mills Limited,EQ,05-APR-2006,10,,,,,NSE
INE384A01010,RANEHOLDIN,Rane Holdings Limited,EQ,24-SEP-1997,10,,,,,NSE
INE384C01016,YUKEN,Yuken India Limited,EQ,02-SEP-2021,10,,,,,NSE
INE385C01021,SARDAEN,Sarda Energy & Minerals Limited,EQ,03-DEC-2009,1,,,,,NSE
INE385F01024,SGMART,SG Mart Limited,EQ,12-SEP-2025,1,,,,,NSE
INE385I01010,ALPA,Alpa Laboratories Limited,EQ,06-AUG-2007,10,,,,,NSE
INE385W01011,DCAL,Dishman Carbogen Amcis Limited,EQ,21-SEP-2017,2,,,,,NSE
INE386A01023,VESUVIUS,Vesuvius India Limited,EQ,04-OCT-2002,1,,,,,NSE
INE386C01029,ASTRAMICRO,Astra Microwave Products Limited,EQ,01-NOV-2004,2,,,,,NSE
INE386D01027,SBCL,Shivalik Bimetal Controls Limited,EQ,24-JUN-2021,2,,,,,NSE
INE387A01021,SUNDRMFAST,Sundram Fasteners Limited,EQ,07-JUN-2000,1,,,,,NSE
INE387I01016,MAGNUM,Magnum Ventures Limited,BE,20-SEP-2007,10,,,,,NSE
INE388A01029,GANESHBE,Ganesh Benzoplast Limited,EQ,16-SEP-2021,1,,,,,NSE
INE388G01026,TICL,Twamev Construction and Infrastructure Limited,EQ,16-OCT-2023,1,,,,,NSE
INE388Y01029,NYKAA,FSN E-Commerce Ventures Limited,EQ,10-NOV-2021,1,,,,,NSE
INE389C01015,MALLCOM,Mallcom (India) Limited,EQ,02-FEB-2022,10,,,,,NSE
INE389H01022,KEC,KEC International Limited,EQ,10-MAR-2006,2,,,,,NSE
INE389K01018,WELINV,Welspun Investments and Commercials Limited,EQ,20-SEP-2010,10,,,,,NSE
INE390G01014,GPTINFRA,GPT Infraprojects Limited,EQ,11-JUL-2016,10,,,,,NSE
INE390H01020,KAMDHENU,Kamdhenu Limited,EQ,09-MAY-2006,1,,,,,NSE
INE391D01019,TRF,TRF Limited,EQ,26-MAR-2010,10,,,,,NSE
INE391J01032,JTLIND,JTL INDUSTRIES LIMITED,EQ,12-JUN-2023,1,,,,,NSE
INE392A01021,VISAKAIND,Visaka Industries Limited,EQ,28-AUG-1996,2,,,,,NSE
INE392B01011,PNC,Pritish Nandy Communications Limited,BE,11-DEC-2000,10,,,,,NSE
INE393A01011,DELTAMAGNT,Delta Manufacturing Limited,EQ,18-OCT-1995,10,,,,,NSE
INE393P01035,DIAMONDYD,Prataap Snacks Limited,EQ,05-OCT-2017,5,,,,,NSE
INE395H01011,STEELCITY,Steel City Securities Limited,EQ,27-JUN-2019,10,,,,,NSE
INE395N01027,TVSSCS,TVS Supply Chain Solutions Limited,BE,23-AUG-2023,1,,,,,NSE
INE395U01014,NINSYS,NINtec Systems Limited,BE,21-FEB-2023,10,,,,,NSE
INE397D01024,BHARTIARTL,Bharti Airtel Limited,EQ,15-FEB-2002,5,,,,,NSE
INE397H01017,LOKESHMACH,Lokesh Machines Limited,BE,05-MAY-2006,10,,,,,NSE
INE398A01010,VENKEYS,Venky's (India) Limited,EQ,28-JUL-2003,10,,,,,NSE
INE398B01018,UMIYA-MRO,UMIYA BUILDCON LIMITED,EQ,01-NOV-2000,5,,,,,NSE
INE398R01022,SYNGENE,Syngene International Limited,EQ,11-AUG-2015,10,,,,,NSE
INE399C01030,SUPRAJIT,Suprajit Engineering Limited,EQ,18-FEB-2005,1,,,,,NSE
INE399G01023,RKFORGE,Ramkrishna Forgings Limited,EQ,05-MAY-2004,2,,,,,NSE
INE399K01017,RTNPOWER,RattanIndia Power Limited,EQ,30-OCT-2009,10,,,,,NSE
INE399L01023,ATGL,Adani Total Gas Limited,EQ,05-NOV-2018,1,,,,,NSE
INE401H01017,KKCL,Kewal Kiran Clothing Limited,EQ,13-APR-2006,10,,,,,NSE
INE402H01015,SHBAJRG,Shri Bajrang Alliance Limited,EQ,20-APR-2026,10,,,,,NSE
INE403F01017,THAKDEV,Thakkers Developers Limited,EQ,20-APR-2026,10,,,,,NSE
INE403Y01018,INNOVANA,Innovana Thinklabs Limited,EQ,17-DEC-2024,10,,,,,NSE
INE404A01024,ABSLAMC,Aditya Birla Sun Life AMC Limited,EQ,11-OCT-2021,5,,,,,NSE
INE405A01021,ULTRAMAR,Ultramarine & Pigments Limited,EQ,20-APR-2026,2,,,,,NSE
INE405C01035,LINCOLN,Lincoln Pharmaceuticals Limited,EQ,17-DEC-2015,10,,,,,NSE
INE405E01023,UNOMINDA,UNO Minda Limited,EQ,02-FEB-2007,2,,,,,NSE
INE406A01037,AUROPHARMA,Aurobindo Pharma Limited,EQ,19-JUL-2000,1,,,,,NSE
INE406M01024,ERIS,Eris Lifesciences Limited,EQ,29-JUN-2017,1,,,,,NSE
INE409B01013,SWELECTES,Swelect Energy Systems Limited,EQ,09-MAY-2006,10,,,,,NSE
INE410B01037,VINATIORGA,Vinati Organics Limited,EQ,28-JUL-2009,1,,,,,NSE
INE410P01011,NH,Narayana Hrudayalaya Ltd.,EQ,06-JAN-2016,10,,,,,NSE
INE411B01019,VENUSREM,Venus Remedies Limited,EQ,20-DEC-2006,10,,,,,NSE
INE411D01023,SKMEGGPROD,SKM Egg Products Export (India) Limited,EQ,14-MAR-1997,5,,,,,NSE
INE411F01010,KAMAHOLD,Kama Holdings Limited,EQ,20-APR-2026,10,,,,,NSE
INE411H01032,RSYSTEMS,R Systems International Limited,EQ,26-APR-2006,1,,,,,NSE
INE411U01027,BAJAJHCARE,Bajaj Healthcare Limited,EQ,25-NOV-2021,5,,,,,NSE
INE412C01023,JMA,Jullundur Motor Agency (Delhi) Limited,EQ,16-MAR-2015,2,,,,,NSE
INE412G01024,BCLIND,Bcl Industries Limited,EQ,04-MAR-2021,1,,,,,NSE
INE412U01025,BIGBLOC,Bigbloc Construction Limited,EQ,02-SEP-2016,2,,,,,NSE
INE413B01023,RUCHINFRA,Ruchi Infrastructure Limited,EQ,16-OCT-1996,1,,,,,NSE
INE413D01011,ARIHANT,Arihant Foundations & Housing Limited,EQ,20-APR-2026,10,,,,,NSE
INE413G01022,TPLPLASTEH,TPL Plastech Limited,EQ,20-MAY-2015,2,,,,,NSE
INE414A01015,MADRASFERT,Madras Fertilizers Limited,EQ,25-JUL-1997,10,,,,,NSE
INE414B01021,ANTGRAPHIC,Antarctica Limited,EQ,31-DEC-1997,1,,,,,NSE
INE414D01027,BHAGCHEM,Bhagiradha Chemicals & Industries Limited,EQ,18-OCT-2021,1,,,,,NSE
INE414G01012,MUTHOOTFIN,Muthoot Finance Limited,EQ,06-MAY-2011,10,,,,,NSE
INE415A01038,AGI,AGI Greenpac Limited,EQ,31-MAY-2000,2,,,,,NSE
INE415B01044,MARSONS,Marsons Limited,EQ,13-MAR-2026,1,,,,,NSE
INE415D01024,BHARATSE,Bharat Seats Limited,EQ,24-MAR-2025,2,,,,,NSE
INE415G01027,RVNL,Rail Vikas Nigam Limited,EQ,11-APR-2019,10,,,,,NSE
INE415I01015,KIRIINDUS,Kiri Industries Limited,EQ,22-APR-2008,10,,,,,NSE
INE416A01051,AQYLON,Aqylon Nexus Limited,EQ,01-APR-2024,1,,,,,NSE
INE416D01022,BLISSGVS,Bliss GVS Pharma Limited,EQ,26-JUL-2010,1,,,,,NSE
INE417B01040,DSSL,Dynacons Systems & Solutions Limited,EQ,01-DEC-2011,10,,,,,NSE
INE417C01014,PILANIINVS,Pilani Investment and Industries Corporation Limited,EQ,08-DEC-2015,10,,,,,NSE
INE417D01020,FEDDERSHOL,Fedders Holding Limited,EQ,20-APR-2026,1,,,,,NSE
INE417T01026,POLICYBZR,PB Fintech Limited,EQ,15-NOV-2021,2,,,,,NSE
INE418H01029,ALLCARGO,Allcargo Logistics Limited,EQ,23-JUN-2006,2,,,,,NSE
INE418L01047,NAZARA,Nazara Technologies Limited,EQ,30-MAR-2021,2,,,,,NSE
INE418N01035,ESSENTIA,Integra Essentia Limited,EQ,20-AUG-2013,1,,,,,NSE
INE419A01022,KOTARISUG,Kothari Sugars And Chemicals Limited,EQ,13-DEC-2004,10,,,,,NSE
INE419D01026,CLSEL,Chaman Lal Setia Exports Limited,EQ,12-MAY-2021,2,,,,,NSE
INE419M01027,TDPOWERSYS,TD Power Systems Limited,EQ,08-SEP-2011,2,,,,,NSE
INE419U01012,HAPPSTMNDS,Happiest Minds Technologies Limited,EQ,17-SEP-2020,2,,,,,NSE
INE420B01036,ARIHANTCAP,Arihant Capital Markets Limited,EQ,15-JUN-2021,1,,,,,NSE
INE420C01059,PAISALO,Paisalo Digital Limited,EQ,17-OCT-2011,1,,,,,NSE
INE421C01016,TVSSRICHAK,TVS Srichakra Limited,EQ,13-FEB-2007,10,,,,,NSE
INE421D01022,CCL,CCL Products (India) Limited,EQ,07-JUN-2004,2,,,,,NSE
INE423A01024,ADANIENT,Adani Enterprises Limited,EQ,04-JUN-1997,1,,,,,NSE
INE423Y01016,SBFC,SBFC Finance Limited,EQ,16-AUG-2023,10,,,,,NSE
INE424C01010,GINNIFILA,Ginni Filaments Limited,EQ,10-MAY-1995,10,,,,,NSE
INE424H01027,SUNTV,Sun TV Network Limited,EQ,24-APR-2006,5,,,,,NSE
INE425B01027,BCG,Brightcom Group Limited,BE,08-MAY-2015,2,,,,,NSE
INE425Y01011,RPSGVENT,RPSG VENTURES LIMITED,EQ,25-JAN-2019,10,,,,,NSE
INE426A01027,ALEMBICLTD,Alembic Limited,EQ,22-SEP-1999,2,,,,,NSE
INE426D01013,GOACARBON,Goa Carbon Limited,EQ,05-JUN-2007,10,,,,,NSE
INE426Z01016,OBCL,Orissa Bengal Carrier Limited,EQ,07-APR-2022,10,,,,,NSE
INE427F01016,CHALET,Chalet Hotels Limited,EQ,07-FEB-2019,10,,,,,NSE
INE428Q01011,SURYODAY,Suryoday Small Finance Bank Limited,EQ,26-MAR-2021,10,,,,,NSE
INE428V01029,NEPHROPLUS,Nephrocare Health Services Limited,EQ,17-DEC-2025,2,,,,,NSE
INE429E01023,SAFARI,Safari Industries (India) Limited,EQ,12-SEP-2019,2,,,,,NSE
INE429I01024,CCCL,Consolidated Construction Consortium Limited,EQ,15-OCT-2007,2,,,,,NSE
INE430N01022,VISHWARAJ,Vishwaraj Sugar Industries Limited,BE,15-OCT-2019,2,,,,,NSE
INE431F01018,PKTEA,The Peria Karamalai Tea & Produce Company Limited,EQ,19-AUG-2015,10,,,,,NSE
INE432A01017,AMBALALSA,Ambalal Sarabhai Enterprises Limited,EQ,20-APR-2026,10,,,,,NSE
INE435A01051,ANDHRAPAP,ANDHRA PAPER LIMITED,EQ,13-MAY-2004,2,,,,,NSE
INE435C01024,TEXINFRA,Texmaco Infrastructure & Holdings Limited,EQ,09-SEP-2004,1,,,,,NSE
INE435D01014,MCCHRLS-B,Mac Charles India Limited,EQ,20-APR-2026,10,,,,,NSE
INE435G01025,DHANUKA,Dhanuka Agritech Limited,EQ,29-JUN-2011,2,,,,,NSE
INE436A01026,ANSALAPI,Ansal Properties & Infrastructure Limited,BZ,27-JAN-2006,5,,,,,NSE
INE437A01024,APOLLOHOSP,Apollo Hospitals Enterprise Limited,EQ,10-JAN-1996,5,,,,,NSE
INE437B01014,KAKATCEM,Kakatiya Cement Sugar & Industries Limited,BE,13-DEC-1995,10,,,,,NSE
INE438A01022,APOLLOTYRE,Apollo Tyres Limited,EQ,31-MAY-1995,1,,,,,NSE
INE438E01032,SIKA,Sika Interplant Systems Limited,EQ,20-APR-2026,2,,,,,NSE
INE438K01021,KALAMANDIR,Sai Silks (Kalamandir) Limited,EQ,27-SEP-2023,2,,,,,NSE
INE439A01020,ASAHIINDIA,Asahi India Glass Limited,EQ,18-MAR-1998,1,,,,,NSE
INE439E01022,SKIPPER,Skipper Limited,EQ,27-MAY-2015,1,,,,,NSE
INE439T01012,NITIRAJ,Nitiraj Engineers Limited,EQ,22-APR-2021,10,,,,,NSE
INE440A01010,ASHIMASYN,Ashima Limited,EQ,27-JUL-1995,10,,,,,NSE
INE440L01017,TIJARIA,Tijaria Polypipes Limited,BE,14-OCT-2011,10,,,,,NSE
INE440T01028,SEIL,Shanti Educational Initiatives Limited,EQ,20-APR-2026,1,,,,,NSE
INE442H01029,ASHOKA,Ashoka Buildcon Limited,EQ,14-OCT-2010,5,,,,,NSE
INE442P01014,SUYOG,Suyog Telematics Limited,EQ,20-AUG-2024,10,,,,,NSE
INE445C01015,XPROINDIA,Xpro India Limited,EQ,27-APR-2004,10,,,,,NSE
INE445D01013,NILE,Nile Limited,EQ,20-APR-2026,10,,,,,NSE
INE446A01025,ATLASCYCLE,Atlas Cycles (Haryana) Limited,EQ,23-OCT-1996,5,,,,,NSE
INE448G01010,NATHBIOGEN,Nath Bio-Genes (India) Limited,EQ,28-JAN-2014,10,,,,,NSE
INE449A01011,AUTOAXLES,Automotive Axles Limited,EQ,29-MAY-2003,10,,,,,NSE
INE449G01018,AGRITECH,Agri-Tech (India) Limited,EQ,28-JAN-2014,10,,,,,NSE
INE450D01021,PITTIENG,Pitti Engineering Limited,EQ,02-FEB-2007,5,,,,,NSE
INE450E01029,SUKHJITS,Sukhjit Starch & Chemicals Limited,EQ,07-NOV-2022,5,,,,,NSE
INE450G01024,VIPCLOTHNG,VIP Clothing Limited,EQ,06-AUG-2007,2,,,,,NSE
INE450U01017,ROUTE,ROUTE MOBILE LIMITED,EQ,21-SEP-2020,10,,,,,NSE
INE451A01017,FORCEMOT,FORCE MOTORS LTD,EQ,14-FEB-2024,10,,,,,NSE
INE451D01029,RAJRATAN,Rajratan Global Wire Limited,EQ,22-MAY-2020,2,,,,,NSE
INE451F01024,APOLSINHOT,Apollo Sindoori Hotels Limited,EQ,28-JAN-2015,5,,,,,NSE
INE451L01014,MAHASTEEL,Mahamaya Steel Industries Limited,BE,01-JUL-2016,10,,,,,NSE
INE452L01012,INCREDIBLE,INCREDIBLE INDUSTRIES LIMITED,EQ,01-JUL-2016,10,,,,,NSE
INE452O01016,FLFL,Future Lifestyle Fashions Limited,BZ,01-OCT-2013,2,,,,,NSE
INE453B01029,COMPUSOFT,Compucom Software Limited,EQ,02-MAR-2012,2,,,,,NSE
INE453D01025,SARLAPOLY,Sarla Performance Fibers Limited,EQ,19-JAN-2007,1,,,,,NSE
INE454M01024,NAGAFERT,Nagarjuna Fertilizers and Chemicals Limited,BZ,15-JUN-2016,1,,,,,NSE
INE454P01035,TRANSRAILL,Transrail Lighting Limited,EQ,27-DEC-2024,2,,,,,NSE
INE455I01029,KSCL,Kaveri Seed Company Limited,EQ,04-OCT-2007,2,,,,,NSE
INE455K01017,POLYCAB,Polycab India Limited,EQ,16-APR-2019,10,,,,,NSE
INE456Z01021,MEDIASSIST,Medi Assist Healthcare Services Limited,EQ,23-JAN-2024,5,,,,,NSE
INE457A01014,MAHABANK,Bank of Maharashtra,EQ,12-APR-2004,10,,,,,NSE
INE457F01013,SALZERELEC,Salzer Electronics Limited,EQ,02-DEC-2015,10,,,,,NSE
INE457L01029,PGEL,PG Electroplast Limited,EQ,26-SEP-2011,1,,,,,NSE
INE458B01036,BHAGYANGR,Bhagyanagar India Limited,BE,17-MAY-2017,2,,,,,NSE
INE458F01011,UNITEDTEA,The United Nilgiri Tea Estates Company Limited,EQ,28-JAN-2015,10,,,,,NSE
INE459A01010,BANARISUG,Bannari Amman Sugars Limited,EQ,28-MAY-2003,10,,,,,NSE
INE460C01014,GANESHHOU,GANESH HOUSING LIMITED,EQ,02-MAR-2007,10,,,,,NSE
INE460H01021,STARCEMENT,Star Cement Limited,EQ,16-JUN-2017,1,,,,,NSE
INE461B01014,REPRO,Repro India Limited,EQ,22-DEC-2005,10,,,,,NSE
INE461C01038,GREENPLY,Greenply Industries Limited,EQ,06-MAR-1996,1,,,,,NSE
INE461D01028,HLEGLAS,HLE Glascoat Limited,EQ,09-FEB-2023,2,,,,,NSE
INE462A01022,BAYERCROP,Bayer Cropscience Limited,EQ,08-JAN-2010,10,,,,,NSE
INE463A01038,BERGEPAINT,Berger Paints (I) Limited,EQ,24-NOV-1999,1,,,,,NSE
INE463V01026,ANANDRATHI,Anand Rathi Wealth Limited,EQ,14-DEC-2021,5,,,,,NSE
INE464A01036,BBL,Bharat Bijlee Limited,EQ,21-NOV-2006,5,,,,,NSE
INE465A01025,BHARATFORG,Bharat Forge Limited,EQ,04-APR-2003,2,,,,,NSE
INE466L01038,360ONE,360 ONE WAM LIMITED,EQ,19-SEP-2019,1,,,,,NSE
INE467B01029,TCS,Tata Consultancy Services Limited,EQ,25-AUG-2004,1,,,,,NSE
INE469A01019,BIMETAL,Bimetal Bearings Limited,EQ,20-APR-2026,10,,,,,NSE
INE470A01017,3MINDIA,3M India Limited,EQ,13-AUG-2004,10,,,,,NSE
INE470Y01017,NIACL,The New India Assurance Company Limited,EQ,13-NOV-2017,5,,,,,NSE
INE471W01019,PALASHSECU,Palash Securities Limited,EQ,28-JUL-2017,10,,,,,NSE
INE472A01039,BLUESTARCO,Blue Star Limited,EQ,15-JUN-2000,2,,,,,NSE
INE472B01011,BLUECOAST,Blue Coast Hotels Limited,BE,16-FEB-2000,10,,,,,NSE
INE472M01018,MTEDUCARE,MT Educare Limited,BE,12-APR-2012,10,,,,,NSE
INE473A01011,LINDEINDIA,Linde India Limited,EQ,16-JUN-1999,10,,,,,NSE
INE473B01035,HATSUN,Hatsun Agro Product Limited,EQ,20-JUN-2014,1,,,,,NSE
INE473D01015,KINGFA,Kingfa Science & Technology (India) Limited,EQ,15-NOV-2016,10,,,,,NSE
INE474C01023,REMSONSIND,Remsons Industries Limited,EQ,31-JAN-1996,2,,,,,NSE
INE474E01029,BHANDARI,Bhandari Hosiery Exports Limited,BE,30-JAN-2017,1,,,,,NSE
INE474Q01031,MEDANTA,Global Health Limited,EQ,16-NOV-2022,2,,,,,NSE
INE475B01022,HIKAL,Hikal Limited,EQ,14-FEB-2001,2,,,,,NSE
INE475E01026,CAPLIPOINT,Caplin Point Laboratories Limited,EQ,23-JUN-2014,2,,,,,NSE
INE476A01022,CANBK,Canara Bank,EQ,23-DEC-2002,2,,,,,NSE
INE477A01020,CANFINHOME,Can Fin Homes Limited,EQ,10-MAY-1995,2,,,,,NSE
INE477B01010,DVL,Dhunseri Ventures Limited,EQ,11-JAN-2008,10,,,,,NSE
INE479D01038,KRITI,Kriti Industries (India) Limited,BE,01-NOV-2021,1,,,,,NSE
INE480C01038,SDBL,Som Distilleries & Breweries Limited,EQ,18-MAR-2014,2,,,,,NSE
INE480M01011,THOMASCOTT,Thomas Scott (India) Limited,EQ,30-JAN-2012,10,,,,,NSE
INE481G01011,ULTRACEMCO,UltraTech Cement Limited,EQ,24-AUG-2004,10,,,,,NSE
INE481N01025,HOMEFIRST,Home First Finance Company India Limited,EQ,03-FEB-2021,2,,,,,NSE
INE481Y01014,GICRE,General Insurance Corporation of India,EQ,25-OCT-2017,5,,,,,NSE
INE481Z01011,UNIINFO,Uniinfo Telecom Services Limited,BE,12-JAN-2022,10,,,,,NSE
INE482A01020,CEATLTD,CEAT Limited,EQ,01-FEB-2008,10,,,,,NSE
INE482B01010,TERASOFT,Tera Software Limited,EQ,29-DEC-2016,10,,,,,NSE
INE482D01024,CARYSIL,CARYSIL LIMITED,EQ,14-JAN-2021,2,,,,,NSE
INE482J01021,SHAH,Shah Metacorp Limited,EQ,27-OCT-2010,1,,,,,NSE
INE483A01010,CENTRALBK,Central Bank of India,EQ,21-AUG-2007,10,,,,,NSE
INE483B01026,ICIL,Indo Count Industries Limited,EQ,12-SEP-2005,2,,,,,NSE
INE483C01032,TANLA,Tanla Platforms Limited,EQ,05-JAN-2007,1,,,,,NSE
INE483S01020,CCAVENUE,AvenuesAI Limited,EQ,04-APR-2016,1,,,,,NSE
INE484C01030,VEEDOL,Veedol Corporation Limited,EQ,16-JAN-2007,2,,,,,NSE
INE484I01029,PRECAM,Precision Camshafts Limited,EQ,08-FEB-2016,10,,,,,NSE
INE484J01027,GODREJPROP,Godrej Properties Limited,EQ,05-JAN-2010,5,,,,,NSE
INE485A01015,CENTENKA,Century Enka Limited,EQ,10-MAY-1995,10,,,,,NSE
INE485C01029,IOLCP,IOL Chemicals and Pharmaceuticals Limited,EQ,08-NOV-2010,2,,,,,NSE
INE486A01021,CESC,CESC Limited,EQ,08-FEB-1995,1,,,,,NSE
INE486R01017,GPTHEALTH,GPT Healthcare Limited,EQ,29-FEB-2024,10,,,,,NSE
INE486Y01013,TOUCHWOOD,Touchwood Entertainment Limited,EQ,21-JAN-2020,10,,,,,NSE
INE488A01050,CHEMPLASTS,Chemplast Sanmar Limited,EQ,24-AUG-2021,5,,,,,NSE
INE488B01017,TASTYBITE,Tasty Bite Eatables Limited,EQ,23-MAR-2017,10,,,,,NSE
INE488D01021,AVTNPL,AVT Natural Products Limited,EQ,10-JAN-2007,1,,,,,NSE
INE488V01015,PSPPROJECT,PSP Projects Limited,EQ,29-MAY-2017,10,,,,,NSE
INE489D01011,BNALTD,B & A Limited,EQ,20-APR-2026,10,,,,,NSE
INE489G01022,ANUHPHR,Anuh Pharma Limited,EQ,20-DEC-2024,5,,,,,NSE
INE489L01022,IIFLCAPS,IIFL Capital Services Limited,EQ,20-SEP-2019,2,,,,,NSE
INE490G01020,MOIL,MOIL Limited,EQ,15-DEC-2010,10,,,,,NSE
INE491A01021,CUB,City Union Bank Limited,EQ,25-AUG-1998,1,,,,,NSE
INE491J01022,ASKAUTOLTD,ASK Automotive Limited,EQ,15-NOV-2023,2,,,,,NSE
INE491V01019,CROWN,Crown Lifters Limited,EQ,08-FEB-2022,10,,,,,NSE
INE492A01029,SUDARCOLOR,Sudarshan Colorants India Limited,EQ,14-JUN-1995,10,,,,,NSE
INE494B01023,TVSMOTOR,TVS Motor Company Limited,EQ,02-AUG-2000,1,,,,,NSE
INE495A01022,DALMIASUG,Dalmia Bharat Sugar and Industries Limited,EQ,17-JAN-1996,2,,,,,NSE
INE495B01038,SUVEN,Suven Life Sciences Limited,EQ,23-OCT-2003,1,,,,,NSE
INE495C01010,SANGAMIND,Sangam (India) Limited,EQ,17-JUL-1996,10,,,,,NSE
INE495P01020,BECTORFOOD,Mrs. Bectors Food Specialities Limited,EQ,24-DEC-2020,2,,,,,NSE
INE495S01016,HPL,HPL Electric & Power Limited,EQ,04-OCT-2016,10,,,,,NSE
INE497B01018,SEAMECLTD,Seamec Limited,EQ,28-JUN-1995,10,,,,,NSE
INE497D01022,DAMODARIND,Damodar Industries Limited,EQ,04-JUL-2016,5,,,,,NSE
INE497S01012,GODAVARIB,Godavari Biorefineries Limited,EQ,30-OCT-2024,10,,,,,NSE
INE498A01018,DCM,DCM  Limited,EQ,29-MAR-1995,10,,,,,NSE
INE498B01024,SHOPERSTOP,Shoppers Stop Limited,EQ,23-MAY-2005,5,,,,,NSE
INE498E01010,SALONA,Salona Cotspin Limited,EQ,16-JUN-2016,10,,,,,NSE
INE498L01015,LTF,L&T Finance Limited,EQ,12-AUG-2011,10,,,,,NSE
INE498Q01014,VINCOFE,Vintage Coffee And Beverages Limited,EQ,18-OCT-2024,10,,,,,NSE
INE499A01024,DCMSHRIRAM,DCM Shriram Limited,EQ,12-APR-1995,2,,,,,NSE
INE500A01029,DCW,DCW Limited,EQ,25-MAY-1995,2,,,,,NSE
INE500L01026,SHK,S H Kelkar and Company Limited,EQ,16-NOV-2015,10,,,,,NSE
INE500X01013,LEXUS,Lexus Granito (India) Limited,BE,13-MAR-2023,10,,,,,NSE
INE501A01019,DEEPAKFERT,Deepak Fertilizers and Petrochemicals Corporation Limited,EQ,17-JAN-2003,10,,,,,NSE
INE501G01024,HTMEDIA,HT Media Limited,EQ,01-SEP-2005,2,,,,,NSE
INE501X01029,AYE,Aye Finance Limited,EQ,16-FEB-2026,2,,,,,NSE
INE501Y01019,SCPL,Sheetal Cool Products Limited,BE,22-NOV-2022,10,,,,,NSE
INE503A01015,DCBBANK,DCB Bank Limited,EQ,27-OCT-2006,10,,,,,NSE
INE503B01021,STEELXIND,STEEL EXCHANGE INDIA LIMITED,EQ,20-JUL-2017,1,,,,,NSE
INE505A01010,DMCC,DMCC SPECIALITY CHEMICALS LIMITED,EQ,01-DEC-2021,10,,,,,NSE
INE505C01016,PRAENG,Prajay Engineers Syndicate Limited,EQ,02-JAN-2007,10,,,,,NSE
INE505V01016,EUROBOND,Euro Panel Products Limited,EQ,01-AUG-2025,10,,,,,NSE
INE505Y01010,VINEETLAB,Vineet Laboratories Limited,BE,15-JUN-2021,10,,,,,NSE
INE506A01018,DREDGECORP,Dredging Corporation of India Limited,EQ,15-JAN-2004,10,,,,,NSE
INE506D01020,HALDYNGL,Haldyn Glass Limited,EQ,20-APR-2026,1,,,,,NSE
INE506V01022,RUBICON,Rubicon Research Limited,EQ,16-OCT-2025,1,,,,,NSE
INE506W01012,KRISHANA,Krishana Phoschem Limited,EQ,22-AUG-2019,10,,,,,NSE
INE506Z01015,DHRUV,Dhruv Consultancy Services Limited,BE,25-NOV-2021,10,,,,,NSE
INE507F01023,EMPOWER,Empower India Limited,BE,20-APR-2026,1,,,,,NSE
INE508G01029,TIMETECHNO,Time Technoplast Limited,EQ,13-JUN-2007,1,,,,,NSE
INE508K01013,RHL,Robust Hotels Limited,EQ,25-APR-2023,10,,,,,NSE
INE509F01029,CUPID,Cupid Limited,EQ,16-SEP-2016,1,,,,,NSE
INE510A01028,ENGINERSIN,Engineers India Limited,EQ,20-AUG-1997,5,,,,,NSE
INE510W01014,INOXGREEN,Inox Green Energy Services Limited,EQ,23-NOV-2022,10,,,,,NSE
INE511C01022,POONAWALLA,Poonawalla Fincorp Limited,EQ,27-APR-2004,2,,,,,NSE
INE511Y01018,MMP,MMP Industries Limited,EQ,09-JAN-2020,10,,,,,NSE
INE512B01022,FCSSOFT,FCS Software Solutions Limited,BE,21-SEP-2005,1,,,,,NSE
INE513A01022,SCHAEFFLER,Schaeffler India Limited,EQ,29-NOV-2000,2,,,,,NSE
INE514Y01020,MOKSH,Moksh Ornaments Limited,EQ,21-MAY-2021,2,,,,,NSE
INE515A01019,COCKERILL,John Cockerill India Limited,EQ,20-APR-2026,10,,,,,NSE
INE515C01023,LAHOTIOV,Lahoti Overseas Limited,EQ,20-APR-2026,2,,,,,NSE
INE516A01017,UFLEX,UFLEX Limited,EQ,23-AUG-1995,10,,,,,NSE
INE517B01013,TTML,Tata Teleservices (Maharashtra) Limited,EQ,20-OCT-2000,10,,,,,NSE
INE517F01014,GPPL,Gujarat Pipavav Port Limited,EQ,09-SEP-2010,10,,,,,NSE
INE518E01015,ZIMLAB,Zim Laboratories Limited,BE,25-NOV-2022,10,,,,,NSE
INE519A01011,FOSECOIND,Foseco India Limited,EQ,05-MAY-2003,10,,,,,NSE
INE519C01017,SUMMITSEC,Summit Securities Limited,EQ,28-JAN-2011,10,,,,,NSE
INE520A01027,ZENSARTECH,Zensar Technologies Limited,EQ,09-JUL-2003,2,,,,,NSE
INE520H01022,BEARDSELL,Beardsell Limited,EQ,13-JAN-2015,2,,,,,NSE
INE520Y01019,ICEMAKE,Ice Make Refrigeration Limited,EQ,12-OCT-2020,10,,,,,NSE
INE521J01018,CPCAP,CP Capital Limited,BE,06-OCT-2010,10,,,,,NSE
INE522D01027,MANAPPURAM,Manappuram Finance Limited,EQ,01-DEC-2014,2,,,,,NSE
INE522F01014,COALINDIA,Coal India Limited,EQ,04-NOV-2010,10,,,,,NSE
INE523B01011,AKSHOPTFBR,Aksh Optifibre Limited,BE,18-AUG-2000,5,,,,,NSE
INE524A01029,GABRIEL,Gabriel India Limited,EQ,20-APR-2005,1,,,,,NSE
INE524B01027,GANDHITUBE,Gandhi Special Tubes Limited,EQ,31-JAN-2007,5,,,,,NSE
INE524L01026,KRIDHANINF,Kridhan Infra Limited,EQ,11-DEC-2015,2,,,,,NSE
INE524T01011,TAALTECH,Taal Tech Limited,EQ,20-APR-2026,10,,,,,NSE
INE525F01025,BLIL,Balmer Lawrie Investments Limited,EQ,20-APR-2026,1,,,,,NSE
INE526B01014,CALSOFT,California Software Company Limited,BE,28-JUN-2000,10,,,,,NSE
INE526E01018,SHRIPISTON,Shriram Pistons & Rings Limited,EQ,02-JUN-2016,10,,,,,NSE
INE526G01021,VIVIMEDLAB,Vivimed Labs Limited,BE,17-AUG-2005,2,,,,,NSE
INE527H01019,UFO,UFO Moviez India Limited,EQ,14-MAY-2015,10,,,,,NSE
INE528A01020,GKWLIMITED,GKW Limited,EQ,20-JUL-2009,10,,,,,NSE
INE528G01035,YESBANK,Yes Bank Limited,EQ,12-JUL-2005,2,,,,,NSE
INE529A01010,FMGOETZE,Federal-Mogul Goetze (India) Limited.,EQ,08-FEB-1995,10,,,,,NSE
INE529D01014,PATINTLOG,Patel Integrated Logistics Limited,EQ,11-JAN-2008,10,,,,,NSE
INE529F01035,SIGIND,Signet Industries Limited,EQ,29-AUG-2018,10,,,,,NSE
INE529I01021,KUANTUM,Kuantum Papers Limited,EQ,23-OCT-2019,1,,,,,NSE
INE530B01024,IIFL,IIFL Finance Limited,EQ,17-MAY-2005,2,,,,,NSE
INE531A01024,KANSAINER,Kansai Nerolac Paints Limited,EQ,15-SEP-2003,1,,,,,NSE
INE531E01026,HINDCOPPER,Hindustan Copper Limited,EQ,15-SEP-2010,5,,,,,NSE
INE531F01023,NUVAMA,Nuvama Wealth Management Limited,EQ,26-SEP-2023,2,,,,,NSE
INE532F01054,EDELWEISS,Edelweiss Financial Services Limited,EQ,12-DEC-2007,1,,,,,NSE
INE533A01012,GOODYEAR,Goodyear India Limited,EQ,20-APR-2026,10,,,,,NSE
INE533D01032,RAJRILTD,Raj Rayon Industries Limited,BE,16-MAR-2022,1,,,,,NSE
INE535D01037,ROTO,Roto Pumps Limited,EQ,21-APR-2022,1,,,,,NSE
INE535F01024,RAJOOENG,Rajoo Engineers Limited,EQ,29-MAY-2025,1,,,,,NSE
INE536A01023,GRINDWELL,Grindwell Norton Limited,EQ,11-SEP-2006,5,,,,,NSE
INE536H01010,CIEINDIA,CIE Automotive India Limited,EQ,30-AUG-2007,10,,,,,NSE
INE537F01012,MODINATUR,Modi Naturals Limited,EQ,11-DEC-2025,10,,,,,NSE
INE538A01037,GFLLIMITED,GFL Limited,EQ,25-MAY-1995,1,,,,,NSE
INE539A01019,GHCL,GHCL Limited,EQ,31-JUL-2003,10,,,,,NSE
INE539B01017,VIRINCHI,Virinchi Limited,BE,03-MAY-2023,10,,,,,NSE
INE540A01017,GLFL,Gujarat Lease Financing Limited,BE,08-FEB-1995,10,,,,,NSE
INE540G01014,AMBIKCO,Ambika Cotton Mills Limited,EQ,29-JAN-2008,10,,,,,NSE
INE540H01012,VOLTAMP,Voltamp Transformers Limited,EQ,20-SEP-2006,10,,,,,NSE
INE540L01014,ALKEM,Alkem Laboratories Limited,EQ,23-DEC-2015,2,,,,,NSE
INE541A01023,GMMPFAUDLR,GMM Pfaudler Limited,EQ,05-MAR-2018,2,,,,,NSE
INE542B01011,AKSHARCHEM,AksharChem India Limited,EQ,28-MAR-2017,10,,,,,NSE
INE542C01019,NKIND,NK Industries Limited,EQ,07-JUL-1995,10,,,,,NSE
INE542F01020,SWANDEF,Swan Defence and Heavy Industries Limited,BE,20-JAN-2025,10,,,,,NSE
INE542W01025,KPIGREEN,KPI Green Energy Limited,EQ,27-JUL-2021,5,,,,,NSE
INE542Z01028,KAPSTON,Kapston Services Limited,EQ,27-MAY-2020,5,,,,,NSE
INE543V01017,ACEINTEG,Ace Integrated Solutions Limited,EQ,04-NOV-2022,10,,,,,NSE
INE544A01019,HARRMALAYA,Harrisons  Malayalam Limited,EQ,08-FEB-1995,10,,,,,NSE
INE544H01014,JHS,JHS Svendgaard Laboratories Limited,BE,21-OCT-2006,10,,,,,NSE
INE544R01021,GREENLAM,Greenlam Industries Limited,EQ,02-MAR-2015,1,,,,,NSE
INE545A01024,HEG,HEG Limited,EQ,10-MAY-1995,2,,,,,NSE
INE545H01011,TIIL,Technocraft Industries (India) Limited,EQ,12-FEB-2007,10,,,,,NSE
INE545L01039,MANCREDIT,Mangal Credit and Fincorp Limited,EQ,16-AUG-2024,10,,,,,NSE
INE545U01014,BANDHANBNK,Bandhan Bank Limited,EQ,27-MAR-2018,10,,,,,NSE
INE546C01010,PICCADIL,Piccadily Agro Industries Limited,EQ,02-JUL-2025,10,,,,,NSE
INE546V01010,EIFFL,Euro India Fresh Foods Limited,EQ,12-OCT-2021,10,,,,,NSE
INE546Y01022,PRAXIS,Praxis Home Retail Limited,BE,31-JAN-2018,5,,,,,NSE
INE547B01028,XTGLOBAL,Xtglobal Infotech Limited,EQ,16-SEP-2024,1,,,,,NSE
INE547E01014,IMPAL,India Motor Parts and Accessories Limited,EQ,07-OCT-2005,10,,,,,NSE
INE548A01028,HFCL,HFCL Limited,EQ,09-MAR-2011,1,,,,,NSE
INE548C01032,EMAMILTD,Emami Limited,EQ,03-AUG-2006,1,,,,,NSE
INE548Z01017,LAGNAM,Lagnam Spintex Limited,EQ,30-SEP-2021,10,,,,,NSE
INE549A01026,HCC,Hindustan Construction Company Limited,EQ,01-APR-2003,1,,,,,NSE
INE549H01021,ARSSBL,Anand Rathi Share and Stock Brokers Limited,EQ,30-SEP-2025,5,,,,,NSE
INE550B01022,HBSL,HB Stockholdings Limited,BE,23-JUL-2018,10,,,,,NSE
INE550C01020,URJA,Urja Global Limited,EQ,28-MAR-2017,1,,,,,NSE
INE550H01011,SUPREMEINF,Supreme Infrastructure India Limited,EQ,18-OCT-2007,10,,,,,NSE
INE551D01018,PAKKA,PAKKA LIMITED,EQ,11-JUL-2023,10,,,,,NSE
INE551W01018,UJJIVANSFB,Ujjivan Small Finance Bank Limited,EQ,12-DEC-2019,10,,,,,NSE
INE552D01024,CONFIPET,Confidence Petroleum India Limited,EQ,13-JUN-2019,1,,,,,NSE
INE552U01010,KPL,Kwality Pharmaceuticals Limited,EQ,20-APR-2026,10,,,,,NSE
INE552Z01027,ABDL,Allied Blenders and Distillers Limited,EQ,02-JUL-2024,2,,,,,NSE
INE553C01016,NECCLTD,North Eastern Carrying Corporation Limited,EQ,02-MAR-2016,10,,,,,NSE
INE555B01013,AXISCADES,AXISCADES Technologies Limited,EQ,21-DEC-2000,5,,,,,NSE
INE555P01013,KIRANVYPAR,Kiran Vyapar Limited,EQ,20-APR-2026,10,,,,,NSE
INE555Z01020,TARACHAND,Tara Chand InfraLogistic Solutions Limited,EQ,16-APR-2024,2,,,,,NSE
INE557A01011,BIRLANU,BirlaNu Limited,EQ,26-APR-1995,10,,,,,NSE
INE557B01019,LIBERTSHOE,Liberty Shoes Limited,EQ,27-SEP-1995,10,,,,,NSE
INE557Z01018,PIGL,Power & Instrumentation (Gujarat) Limited,EQ,17-MAY-2023,10,,,,,NSE
INE558D01021,CORALFINAC,Coral India Finance & Housing Limited,EQ,25-MAR-1996,2,,,,,NSE
INE558R01013,HECPROJECT,HEC Infra Projects Limited,EQ,30-DEC-2021,10,,,,,NSE
INE559A01017,IFBIND,IFB Industries Limited,EQ,29-MAR-1995,10,,,,,NSE
INE559D01011,CREST,Crest Ventures Limited,EQ,27-DEC-2006,10,,,,,NSE
INE559N01010,SRGHFL,SRG Housing Finance Limited,EQ,21-AUG-2023,10,,,,,NSE
INE559R01029,LANDMARK,Landmark Cars Limited,EQ,23-DEC-2022,5,,,,,NSE
INE560A01023,INDIAGLYCO,India Glycols Limited,EQ,01-JUL-2005,5,,,,,NSE
INE560K01014,PFS,PTC India Financial Services Limited,EQ,30-MAR-2011,10,,,,,NSE
INE561C01019,BHARATGEAR,Bharat Gears Limited,EQ,03-APR-1996,10,,,,,NSE
INE561H01026,PARSVNATH,Parsvnath Developers Limited,BE,30-NOV-2006,5,,,,,NSE
INE561M01018,ISHANCH,Ishan Dyes and Chemicals Limited,EQ,24-MAR-2025,10,,,,,NSE
INE562A01011,INDIANB,Indian Bank,EQ,01-MAR-2007,10,,,,,NSE
INE562B01019,RAJSREESUG,Rajshree Sugars & Chemicals Limited,EQ,29-MAR-1995,10,,,,,NSE
INE562X01013,UNIVASTU,Univastu India Limited,EQ,22-JUN-2020,10,,,,,NSE
INE563J01010,ASTEC,Astec LifeSciences Limited,EQ,25-NOV-2009,10,,,,,NSE
INE565A01014,IOB,Indian Overseas Bank,EQ,07-DEC-2000,10,,,,,NSE
INE565L01011,ZEELEARN,Zee Learn Limited,EQ,20-DEC-2010,1,,,,,NSE
INE565V01010,VALIANTORG,Valiant Organics Limited,EQ,23-JUL-2021,10,,,,,NSE
INE566K01011,ISFT,Intrasoft Technologies Limited,EQ,12-APR-2010,10,,,,,NSE
INE567A01028,NIPPOBATRY,Indo-National Limited,EQ,06-OCT-1999,5,,,,,NSE
INE568Z01015,URAVIDEF,Uravi Defence and Technology Limited,BE,05-JUL-2023,10,,,,,NSE
INE569C01020,ORIENTCER,ORIENT CERATECH LIMITED,EQ,15-DEC-2005,1,,,,,NSE
INE570A01022,IONEXCHANG,ION Exchange (India) Limited,EQ,22-FEB-2022,1,,,,,NSE
INE570D01018,ARROWGREEN,Arrow Greentech Limited,EQ,21-MAY-2015,10,,,,,NSE
INE570L01029,SAILIFE,Sai Life Sciences Limited,EQ,18-DEC-2024,1,,,,,NSE
INE571A01038,IPCALAB,IPCA Laboratories Limited,EQ,08-FEB-1995,1,,,,,NSE
INE571B01036,JAYBARMARU,Jay Bharat Maruti Limited,EQ,03-JAN-1996,2,,,,,NSE
INE572A01036,JBCHEPHARM,JB Chemicals & Pharmaceuticals Limited,EQ,29-APR-2003,1,,,,,NSE
INE572D01014,FRONTSP,Frontier Springs Limited,EQ,20-APR-2026,10,,,,,NSE
INE572E01012,PNBHOUSING,PNB Housing Finance Limited,EQ,07-NOV-2016,10,,,,,NSE
INE572G01025,LANCORHOL,Lancor Holdings Limited,BE,12-MAR-2024,2,,,,,NSE
INE572J01011,SPANDANA,Spandana Sphoorty Financial Limited,EQ,19-AUG-2019,10,,,,,NSE
INE573A01042,JKTYRE,JK Tyre & Industries Limited,EQ,19-MAR-2007,2,,,,,NSE
INE573K01025,RUSHIL,Rushil Decor Limited,EQ,07-JUL-2011,1,,,,,NSE
INE573R01012,SEYAIND,Seya Industries Limited,BE,11-JUL-2019,10,,,,,NSE
INE575C01027,INTLCONV,International Conveyors Limited,EQ,16-SEP-2021,1,,,,,NSE
INE575P01011,STARHEALTH,Star Health and Allied Insurance Company Limited,EQ,10-DEC-2021,10,,,,,NSE
INE576I01022,JKIL,J.Kumar Infraprojects Limited,EQ,12-FEB-2008,5,,,,,NSE
INE576O01020,LXCHEM,Laxmi Organic Industries Limited,EQ,25-MAR-2021,2,,,,,NSE
INE577A01027,MUNJALSHOW,Munjal Showa Limited,EQ,12-MAY-2003,2,,,,,NSE
INE577L01016,STEL,Stel Holdings Limited,EQ,09-FEB-2011,10,,,,,NSE
INE578A01017,HEIDELBERG,HeidelbergCement India Limited,EQ,15-MAR-1995,10,,,,,NSE
INE579B01039,ELPROINTL,Elpro International Limited,EQ,20-APR-2026,1,,,,,NSE
INE579C01029,VIMTALABS,Vimta Labs Limited,EQ,15-DEC-2005,2,,,,,NSE
INE581X01021,GLOBE,GLOBE ENTERPRISES (INDIA) LIMITED,EQ,07-OCT-2020,2,,,,,NSE
INE583B01015,SANDESH,The Sandesh Limited,EQ,26-NOV-2002,10,,,,,NSE
INE583C01021,DECCANCE,Deccan Cements Limited,EQ,02-AUG-2007,5,,,,,NSE
INE583D01011,UGROCAP,Ugro Capital Limited,EQ,11-AUG-2021,10,,,,,NSE
INE583R01029,PRITIKAUTO,Pritika Auto Industries Limited,EQ,10-AUG-2021,2,,,,,NSE
INE583V01021,RADHIKAJWE,Radhika Jeweltech Limited,EQ,18-JUL-2022,2,,,,,NSE
INE584A01023,NMDC,NMDC Limited,EQ,03-MAR-2008,1,,,,,NSE
INE584F01014,MANGALAM,Mangalam Drugs And Organics Limited,BE,23-MAY-2005,10,,,,,NSE
INE585B01010,MARUTI,Maruti Suzuki India Limited,EQ,09-JUL-2003,5,,,,,NSE
INE586B01026,TAJGVK,Taj GVK Hotels & Resorts Limited,EQ,20-DEC-2000,2,,,,,NSE
INE586E01020,IWP,The Indian Wood Products Company Limited,EQ,20-APR-2026,2,,,,,NSE
INE586G01017,GULFPETRO,GP Petroleums Limited,EQ,24-SEP-2004,5,,,,,NSE
INE586V01016,TCIEXP,TCI Express Limited,EQ,15-DEC-2016,2,,,,,NSE
INE586X01012,GTECJAINX,G-TEC JAINX EDUCATION LIMITED,EQ,13-NOV-2020,10,,,,,NSE
INE587G01015,KAYA,Kaya Limited,EQ,14-AUG-2015,10,,,,,NSE
INE589A01014,NLCINDIA,NLC India Limited,EQ,23-AUG-2000,10,,,,,NSE
INE590L01019,VASWANI,Vaswani Industries Limited,EQ,20-SEP-2011,10,,,,,NSE
INE591A01010,OILCOUNTUB,Oil Country Tubular Limited,BE,30-AUG-1995,10,,,,,NSE
INE591D01014,DIAMINESQ,Diamines & Chemicals Limited,EQ,25-SEP-2023,10,,,,,NSE
INE591G01025,COFORGE,Coforge Limited,EQ,30-AUG-2004,2,,,,,NSE
INE592A01026,ORIENTPPR,Orient Paper & Industries Limited,EQ,29-MAR-1995,1,,,,,NSE
INE592B01024,TTL,T T Limited,BE,22-FEB-2007,1,,,,,NSE
INE593W01028,FOCUS,Focus Lighting and Fixtures Limited,EQ,24-NOV-2021,2,,,,,NSE
INE594B01012,BSL,BSL Limited,EQ,27-JUL-1995,10,,,,,NSE
INE594H01019,THYROCARE,Thyrocare Technologies Limited,EQ,09-MAY-2016,10,,,,,NSE
INE596F01018,PTCIL,PTC Industries Limited,EQ,09-JUN-2023,10,,,,,NSE
INE596H01014,HGM,HandsOn Global Management (HGM) Limited,EQ,27-SEP-2006,10,,,,,NSE
INE596I01020,CAMS,Computer Age Management Services Limited,EQ,07-MAY-2021,2,,,,,NSE
INE597I01028,SHARDAMOTR,Sharda Motor Industries Limited,EQ,03-SEP-2015,2,,,,,NSE
INE597J01018,SHALBY,Shalby Limited,EQ,15-DEC-2017,10,,,,,NSE
INE597L01014,LOVABLE,Lovable Lingerie Limited,EQ,24-MAR-2011,10,,,,,NSE
INE598C01011,HISARMETAL,Hisar Metal Industries Limited,EQ,05-JAN-2017,10,,,,,NSE
INE598D01035,ALGOQUANT,Algoquant Fintech Limited,EQ,06-JAN-2026,1,,,,,NSE
INE599M01018,JUSTDIAL,Just Dial Limited,EQ,05-JUN-2013,10,,,,,NSE
INE600A01035,PILITA,PIL ITALICA LIFESTYLE LIMITED,EQ,07-OCT-2013,1,,,,,NSE
INE600K01018,GALAXYSURF,Galaxy Surfactants Limited,EQ,08-FEB-2018,10,,,,,NSE
INE600L01024,LALPATHLAB,Dr. Lal Path Labs Ltd.,EQ,23-DEC-2015,10,,,,,NSE
INE600Y01019,DYCL,Dynamic Cables Limited,EQ,27-JUL-2022,10,,,,,NSE
INE602A01031,PCBL,PCBL Chemical Limited,EQ,29-MAR-1995,1,,,,,NSE
INE602G01020,KITEX,Kitex Garments Limited,EQ,25-SEP-2012,1,,,,,NSE
INE602W01027,SENCO,Senco Gold Limited,EQ,14-JUL-2023,5,,,,,NSE
INE603A01013,PRAKASH,Prakash Industries Limited,EQ,10-MAY-1995,10,,,,,NSE
INE603J01030,PIIND,PI Industries Limited,EQ,15-JUN-2011,1,,,,,NSE
INE605D01012,NEAGI,Neelamalai Agro Industries Limited,EQ,20-APR-2026,10,,,,,NSE
INE606A01024,AMJLAND,Amj Land Holdings Limited,EQ,08-FEB-1995,2,,,,,NSE
INE606N01019,EXCELSOFT,Excelsoft Technologies Limited,EQ,26-NOV-2025,10,,,,,NSE
INE607A01022,PRIMO,Primo Chemicals Limited,EQ,22-APR-2025,2,,,,,NSE
INE607D01018,ORIENTBELL,Orient Bell Limited,EQ,14-FEB-2007,10,,,,,NSE
INE608A01012,PSB,Punjab & Sind Bank,EQ,30-DEC-2010,10,,,,,NSE
INE609C01024,ORIENTLTD,Orient Press Limited,EQ,03-MAR-2010,10,,,,,NSE
INE610B01024,GUJRAFFIA,Gujarat Raffia Industries Limited,EQ,09-OCT-1996,10,,,,,NSE
INE610C01014,ARENTERP,Rajdarshan Industries Limited,EQ,18-OCT-1995,10,,,,,NSE
INE610E01010,KALYANI,Kalyani Commercials Limited,BE,13-FEB-2017,10,,,,,NSE
INE611A01016,RSWM,RSWM Limited,EQ,15-FEB-1995,10,,,,,NSE
INE611L01021,INDTERRAIN,Indian Terrain Fashions Limited,EQ,11-MAR-2011,2,,,,,NSE
INE612J01015,REPCOHOME,Repco Home Finance Limited,EQ,01-APR-2013,10,,,,,NSE
INE613A01020,RALLIS,Rallis India Limited,EQ,01-APR-1999,1,,,,,NSE
INE613B01010,ICDSLTD,ICDS Limited,BE,17-NOV-1999,10,,,,,NSE
INE613C01026,MCLOUD,Magellanic Cloud Limited,EQ,07-FEB-2025,2,,,,,NSE
INE614A01028,RAMCOIND,Ramco Industries Limited,EQ,06-NOV-1996,1,,,,,NSE
INE614B01018,KTKBANK,The Karnataka Bank Limited,EQ,10-MAY-2000,10,,,,,NSE
INE614G01033,RPOWER,Reliance Power Limited,EQ,11-FEB-2008,10,,,,,NSE
INE615H01020,TITAGARH,TITAGARH RAIL SYSTEMS LIMITED,EQ,21-APR-2008,2,,,,,NSE
INE615I01010,GLOBUSSPR,Globus Spirits Limited,EQ,23-SEP-2009,10,,,,,NSE
INE615P01015,QUESS,Quess Corp Limited,EQ,12-JUL-2016,10,,,,,NSE
INE615R01029,TRU,TruCap Finance Limited,EQ,20-JUN-2023,2,,,,,NSE
INE616F01022,RSDFIN,RSD Finance Limited,EQ,20-APR-2026,5,,,,,NSE
INE616N01034,INOXINDIA,INOX India Limited,EQ,21-DEC-2023,2,,,,,NSE
INE616Z01012,YASHO,Yasho Industries Limited,EQ,21-AUG-2023,10,,,,,NSE
INE617A01013,SEMAC,Semac Construction Limited,EQ,11-AUG-2005,10,,,,,NSE
INE618L01018,5PAISA,5Paisa Capital Limited,EQ,16-NOV-2017,10,,,,,NSE
INE618N01022,BALAXI,BALAXI PHARMACEUTICALS LIMITED,BE,30-NOV-2015,2,,,,,NSE
INE618R01015,SGFIN,SG Finserve Limited,EQ,05-AUG-2025,10,,,,,NSE
INE619A01035,PATANJALI,Patanjali Foods Limited,EQ,24-JAN-2020,2,,,,,NSE
INE619B01017,NEWGEN,Newgen Software Technologies Limited,EQ,29-JAN-2018,10,,,,,NSE
INE619I01012,A2ZINFRA,A2Z Infra Engineering Limited,BE,23-DEC-2010,10,,,,,NSE
INE620D01011,INDPRUD,Industrial & Prudential Investment Company Limited,EQ,20-APR-2026,10,,,,,NSE
INE621H01010,RELIGARE,Religare Enterprises Limited,EQ,21-NOV-2007,10,,,,,NSE
INE621L01012,TEXRAIL,Texmaco Rail & Engineering Limited,EQ,03-MAR-2011,1,,,,,NSE
INE622H01018,INDOFARM,Indo Farm Equipment Limited,EQ,07-JAN-2025,10,,,,,NSE
INE622W01025,ACMESOLAR,Acme Solar Holdings Limited,EQ,13-NOV-2024,2,,,,,NSE
INE623A01011,SAKHTISUG,Sakthi Sugars Limited,EQ,06-SEP-1995,10,,,,,NSE
INE623B01027,FEL,Future Enterprises Limited,BZ,05-NOV-2001,2,,,,,NSE
INE624Z01016,SOLARA,Solara Active Pharma Sciences Limited,EQ,27-JUN-2018,10,,,,,NSE
INE625B01014,RANASUG,Rana Sugars Limited,EQ,24-FEB-2005,10,,,,,NSE
INE625G01013,WELENT,Welspun Enterprises Limited,EQ,04-NOV-2004,10,,,,,NSE
INE625X01026,SILVERTUC,Silver Touch Technologies Limited,EQ,12-MAY-2022,2,,,,,NSE
INE626A01014,SAURASHCEM,Saurashtra Cement Limited,EQ,27-FEB-2024,10,,,,,NSE
INE626Z01029,HARDWYN,Hardwyn India Limited,EQ,12-APR-2022,1,,,,,NSE
INE627H01017,CTE,Cambridge Technology Enterprises Limited,BE,07-FEB-2007,10,,,,,NSE
INE628A01036,UPL,UPL Limited,EQ,23-JAN-2004,2,,,,,NSE
INE629D01020,BANSWRAS,Banswara Syntex Limited,EQ,11-APR-2007,5,,,,,NSE
INE630A01024,SESHAPAPER,Seshasayee Paper and Boards Limited,EQ,29-MAR-1995,2,,,,,NSE
INE630Y01024,MEDICO,Medico Remedies Limited,EQ,26-MAY-2022,2,,,,,NSE
INE631A01022,SHANTIGEAR,Shanthi Gears Limited,EQ,17-JAN-1996,1,,,,,NSE
INE631R01026,MADHAVIPL,Madhav Infra Projects Limited,EQ,20-APR-2026,1,,,,,NSE
INE632C01026,VIDHIING,Vidhi Specialty Food Ingredients Limited,EQ,02-MAR-2016,1,,,,,NSE
INE632X01030,SHRENIK,Shrenik Limited,BZ,02-AUG-2019,1,,,,,NSE
INE633B01018,POLYPLEX,Polyplex Corporation Limited,EQ,11-APR-2003,10,,,,,NSE
INE634A01018,HONDAPOWER,Honda India Power Products Limited,EQ,01-APR-2003,10,,,,,NSE
INE634I01029,KNRCON,KNR Constructions Limited,EQ,18-FEB-2008,2,,,,,NSE
INE634S01028,MANKIND,Mankind Pharma Limited,EQ,09-MAY-2023,1,,,,,NSE
INE635A01023,SHYAMTEL,Shyam Telecom Limited,BE,06-NOV-2006,10,,,,,NSE
INE635Q01029,GULFOILLUB,Gulf Oil Lubricants India Limited,EQ,31-JUL-2014,2,,,,,NSE
INE636A01039,MAWANASUG,Mawana Sugars Limited,BE,20-MAR-2009,10,,,,,NSE
INE637C01025,POKARNA,Pokarna Limited,EQ,07-JUL-2016,2,,,,,NSE
INE637H01024,SHIVAMAUTO,Shivam Autotech Limited,BE,21-NOV-2006,2,,,,,NSE
INE638A01035,SINGERIND,Singer India Limited,EQ,19-MAR-2026,2,,,,,NSE
INE640A01023,SKFINDIA,SKF India Limited,EQ,27-JAN-1999,10,,,,,NSE
INE640B01021,HBESD,HB Estate Developers Limited,EQ,20-APR-2026,10,,,,,NSE
INE640C01011,SHAHALLOYS,Shah Alloys Limited,EQ,16-JUN-2005,10,,,,,NSE
INE641C01019,KAVDEFENCE,Kavveri Defence & Wireless Technologies Limited,BE,29-JAN-2008,10,,,,,NSE
INE641R01017,QUINT,Quint Digital Limited,EQ,20-APR-2026,10,,,,,NSE
INE642C01025,RUBFILA,Rubfila International Limited,EQ,08-AUG-2024,5,,,,,NSE
INE642Y01029,HINDCON,Hindcon Chemicals Limited,BE,05-JUL-2021,2,,,,,NSE
INE642Z01026,AKI,AKI India Limited,EQ,06-APR-2023,2,,,,,NSE
INE643A01035,JTEKTINDIA,Jtekt India Limited,EQ,12-JAN-2004,1,,,,,NSE
INE643K01018,ARIHANTSUP,Arihant Superstructures Limited,EQ,28-MAR-2017,10,,,,,NSE
INE644Y01017,SHIVAMILLS,Shiva Mills Limited,EQ,26-FEB-2018,10,,,,,NSE
INE645H01027,SUTLEJTEX,Sutlej Textiles and Industries Limited,EQ,14-DEC-2006,1,,,,,NSE
INE645S01024,ROLEXRINGS,Rolex Rings Limited,EQ,09-AUG-2021,1,,,,,NSE
INE645W01026,AIRAN,Airan Limited,EQ,03-MAY-2019,2,,,,,NSE
INE646B01010,MEDICAMEQ,Medicamen Biotech Limited,EQ,27-OCT-2021,10,,,,,NSE
INE646C01018,GROBTEA,The Grob Tea Company Limited,EQ,14-JUL-2016,10,,,,,NSE
INE646H01017,CAPITALSFB,Capital Small Finance Bank Limited,EQ,14-FEB-2024,10,,,,,NSE
INE646L01027,INDIGO,InterGlobe Aviation Limited,EQ,10-NOV-2015,10,,,,,NSE
INE646X01014,ASTRON,Astron Paper & Board Mill Limited,BE,29-DEC-2017,10,,,,,NSE
INE647A01010,SRF,SRF Limited,EQ,18-AUG-2003,10,,,,,NSE
INE647O01011,ABFRL,Aditya Birla Fashion and Retail Limited,EQ,17-JUL-2013,10,,,,,NSE
INE647U01026,CLEANMAX,Clean Max Enviro Energy Solutions Limited,EQ,02-MAR-2026,1,,,,,NSE
INE648Z01023,ACCURACY,Accuracy Shipping Limited,BE,11-DEC-2020,1,,,,,NSE
INE650G01029,MENNPIS,Menon Pistons Limited,EQ,20-APR-2026,1,,,,,NSE
INE650K01021,SECURKLOUD,SECUREKLOUD TECHNOLOGIES LIMITED,BE,29-JAN-2014,5,,,,,NSE
INE650L01011,BROOKS,Brooks Laboratories Limited,BE,05-SEP-2011,10,,,,,NSE
INE651C01018,LAKPRE,Lakshmi Precision Screws Limited,BZ,26-SEP-2006,10,,,,,NSE
INE652F01027,CCHHL,Country Club Hospitality & Holidays Limited,EQ,03-FEB-2015,2,,,,,NSE
INE652V01016,GANESHCP,Ganesh Consumer Products Limited,EQ,29-SEP-2025,10,,,,,NSE
INE652Z01025,AVROIND,AVRO INDIA LIMITED,EQ,07-APR-2022,1,,,,,NSE
INE655A01013,STCINDIA,The State Trading Corporation of India Limited,EQ,01-APR-2003,10,,,,,NSE
INE655B01011,BANARBEADS,Banaras Beads Limited,EQ,07-JUL-1995,10,,,,,NSE
INE655V01019,RMC,RMC Switchgears Limited,BE,01-APR-2026,10,,,,,NSE
INE657B01025,BLUECHIP,Blue Chip India Limited,EQ,12-MAR-1997,2,,,,,NSE
INE658G01014,SALSTEEL,S.A.L. Steel Limited,BE,24-NOV-2004,10,,,,,NSE
INE658T01017,WEALTH,Wealth First Portfolio Managers Limited,EQ,20-JAN-2021,10,,,,,NSE
INE659A01023,SUDARSCHEM,Sudarshan Chemical Industries Limited,EQ,25-MAY-1995,2,,,,,NSE
INE660A01013,SUNDARMFIN,Sundaram Finance Limited,EQ,07-JAN-1998,10,,,,,NSE
INE660C01027,CENTRUM,Centrum Capital Limited,EQ,04-APR-2018,1,,,,,NSE
INE661I01014,BGRENERGY,BGR Energy Systems Limited,BE,03-JAN-2008,10,,,,,NSE
INE662A01027,SUPERSPIN,Super Spinning Mills Limited,EQ,08-JUL-2004,1,,,,,NSE
INE663A01033,SPLPETRO,Supreme Petrochem Limited,EQ,24-MAY-2022,2,,,,,NSE
INE663B01015,CONTROLPR,Control Print Limited,EQ,24-JUN-2016,10,,,,,NSE
INE663F01032,NAUKRI,Info Edge (India) Limited,EQ,21-NOV-2006,2,,,,,NSE
INE665A01038,SWANCORP,SWAN CORP LIMITED,EQ,29-MAY-2012,1,,,,,NSE
INE665J01013,VMART,V-Mart Retail Limited,EQ,20-FEB-2013,10,,,,,NSE
INE665L01035,VARROC,Varroc Engineering Limited,EQ,06-JUL-2018,1,,,,,NSE
INE666D01022,BORORENEW,BOROSIL RENEWABLES LIMITED,EQ,25-MAY-2018,1,,,,,NSE
INE666E01020,ACL,Andhra Cements Limited,EQ,10-MAY-2023,10,,,,,NSE
INE667G01023,SAKSOFT,Saksoft Limited,EQ,09-MAY-2005,1,,,,,NSE
INE668A01016,TMB,Tamilnad Mercantile Bank Limited,EQ,15-SEP-2022,10,,,,,NSE
INE668D01028,DONEAR,Donear Industries Limited,EQ,20-DEC-2006,2,,,,,NSE
INE668F01031,JYOTHYLAB,Jyothy Labs Limited,EQ,19-DEC-2007,1,,,,,NSE
INE668G01021,ELDEHSG,Eldeco Housing And Industries Limited,EQ,12-APR-2022,2,,,,,NSE
INE669A01022,INFOMEDIA,Infomedia Press Limited,EQ,12-OCT-2006,10,,,,,NSE
INE669C01036,TECHM,Tech Mahindra Limited,EQ,28-AUG-2006,5,,,,,NSE
INE669E01016,IDEA,Vodafone Idea Limited,EQ,09-MAR-2007,10,,,,,NSE
INE669R01026,ELITECON,Elitecon International Limited,EQ,20-APR-2026,1,,,,,NSE
INE669X01032,GEEKAYWIRE,Geekay Wires Limited,EQ,06-MAR-2020,1,,,,,NSE
INE670A01012,TATAELXSI,Tata Elxsi Limited,EQ,17-SEP-2003,10,,,,,NSE
INE670K01029,LODHA,Lodha Developers Limited,EQ,19-APR-2021,10,,,,,NSE
INE670X01014,LASA,Lasa Supergenerics Limited,BE,21-SEP-2017,10,,,,,NSE
INE671A01010,HONAUT,Honeywell Automation India Limited,EQ,18-JUL-2003,10,,,,,NSE
INE671H01015,SOBHA,Sobha Limited,EQ,20-DEC-2006,10,,,,,NSE
INE672A01026,TATAINVEST,Tata Investment Corporation Limited,EQ,24-JUN-1998,1,,,,,NSE
INE672B01032,MUNJALAU,Munjal Auto Industries Limited,EQ,19-JUL-2006,2,,,,,NSE
INE673O01025,TBOTEK,TBO Tek Limited,EQ,15-MAY-2024,1,,,,,NSE
INE674K01013,ABCAPITAL,Aditya Birla Capital Limited,EQ,01-SEP-2017,10,,,,,NSE
INE676A01027,BBOX,Black Box Limited,EQ,22-JUL-2003,2,,,,,NSE
INE677D01037,MASTERTR,Master Trust Limited,EQ,12-NOV-2024,1,,,,,NSE
INE679A01013,CSBBANK,CSB Bank Limited,EQ,04-DEC-2019,10,,,,,NSE
INE679V01027,AVL,Aditya Vision Limited,EQ,06-NOV-2024,1,,,,,NSE
INE680A01011,DHANBANK,Dhanlaxmi Bank Limited,EQ,01-APR-2004,10,,,,,NSE
INE680Z01018,AVG,AVG Logistics Limited,EQ,12-MAY-2023,10,,,,,NSE
INE681B01017,INDRAMEDCO,Indraprastha Medical Corporation Limited,EQ,17-APR-1997,10,,,,,NSE
INE681C01015,KEYFINSERV,Keynote Financial Services Limited,EQ,26-JUN-1996,10,,,,,NSE
INE682M01012,JLHL,Jupiter Life Line Hospitals Limited,EQ,18-SEP-2023,10,,,,,NSE
INE683A01023,SOUTHBANK,The South Indian Bank Limited,EQ,08-DEC-1998,1,,,,,NSE
INE683C01011,MAITHANALL,Maithan Alloys Limited,EQ,05-JUL-2011,10,,,,,NSE
INE684F01012,FSL,Firstsource Solutions Limited,EQ,22-FEB-2007,10,,,,,NSE
INE685A01028,TORNTPHARM,Torrent Pharmaceuticals Limited,EQ,25-NOV-2002,5,,,,,NSE
INE686A01026,CEMPRO,Cemindia Projects Limited,EQ,10-FEB-1999,1,,,,,NSE
INE686F01025,UBL,United Breweries Limited,EQ,28-JUL-2008,1,,,,,NSE
INE686Y01026,FINEORG,Fine Organic Industries Limited,EQ,02-JUL-2018,5,,,,,NSE
INE687A01016,TRANSPEK,Transpek Industry Limited,EQ,20-APR-2026,10,,,,,NSE
INE688A01022,TCI,Transport Corporation of India Limited,EQ,21-JAN-2002,2,,,,,NSE
INE688D01026,RESPONIND,Responsive Industries Limited,EQ,29-OCT-2010,1,,,,,NSE
INE688J01023,LANDSMILL,Landsmill Green Limited,EQ,03-AUG-2009,1,,,,,NSE
INE688Y01022,DANGEE,Dangee Dums Limited,EQ,13-NOV-2020,1,,,,,NSE
INE689O01013,MERCANTILE,Mercantile Ventures Limited,EQ,20-APR-2026,10,,,,,NSE
INE689W01016,PRINCEPIPE,Prince Pipes And Fittings Limited,EQ,30-DEC-2019,10,,,,,NSE
INE690A01028,TTKPRESTIG,TTK Prestige Limited,EQ,22-DEC-1999,1,,,,,NSE
INE691A01018,UCOBANK,UCO Bank,EQ,09-OCT-2003,10,,,,,NSE
INE691G01015,IMPEXFERRO,Impex Ferro Tech Limited,BZ,03-FEB-2005,10,,,,,NSE
INE691Z01023,GANGAFORGE,Ganga Forging Limited,EQ,06-JUL-2021,1,,,,,NSE
INE692A01016,UNIONBANK,Union Bank of India,EQ,24-SEP-2002,10,,,,,NSE
INE692B01014,MURUDCERA,Murudeshwar Ceramics Limited,EQ,28-MAY-2004,10,,,,,NSE
INE692G01013,XCHANGING,Xchanging Solutions Limited,EQ,09-MAR-2005,10,,,,,NSE
INE692Z01013,AFFORDABLE,Affordable Robotic & Automation Limited,BE,23-OCT-2024,10,,,,,NSE
INE694A01020,UNITECH,Unitech Limited,EQ,08-SEP-1999,2,,,,,NSE
INE694D01016,VADILALIND,Vadilal Industries Limited,EQ,15-JUN-2011,10,,,,,NSE
INE694E01014,KANPRPLA,Kanpur Plastipack Limited,EQ,01-JAN-2021,10,,,,,NSE
INE694N01015,HERANBA,Heranba Industries Limited,EQ,05-MAR-2021,10,,,,,NSE
INE695B01025,COUNCODOS,Country Condo's Limited,EQ,22-JAN-2009,1,,,,,NSE
INE696F01016,JUNIPER,Juniper Hotels Limited,EQ,28-FEB-2024,10,,,,,NSE
INE696K01024,PRAKASHSTL,Prakash Steelage Limited,EQ,25-AUG-2010,1,,,,,NSE
INE696V01013,JAIPURKURT,Nandani Creation Limited,EQ,02-SEP-2021,10,,,,,NSE
INE697V01011,PANSARI,Pansari Developers Limited,EQ,18-OCT-2021,10,,,,,NSE
INE699B01027,SAMBHAAV,Sambhaav Media Limited,BE,05-JUN-1996,1,,,,,NSE
INE699H01024,AWL,AWL Agri Business Limited,EQ,08-FEB-2022,1,,,,,NSE
INE700A01033,JUBLPHARMA,Jubilant Pharmova Limited,EQ,16-JUN-2003,1,,,,,NSE
INE701A01023,VHL,Vardhman Holdings Limited,EQ,30-JUN-2005,10,,,,,NSE
INE701G01012,AKCAPIT,AK Capital Services Limited,EQ,20-APR-2026,10,,,,,NSE
INE702C01027,APLAPOLLO,APL Apollo Tubes Limited,EQ,14-DEC-2011,2,,,,,NSE
INE703B01027,RATNAMANI,Ratnamani Metals & Tubes Limited,EQ,09-MAY-2006,2,,,,,NSE
INE703H01016,HUBTOWN,Hubtown Limited,EQ,07-FEB-2007,10,,,,,NSE
INE704B01017,RACLGEAR,RACL Geartech Limited,EQ,27-NOV-2024,10,,,,,NSE
INE704G01024,BAJAJST,Bajaj Steel Industries Limited,EQ,20-APR-2026,5,,,,,NSE
INE704H01022,CINELINE,Cineline India Limited,EQ,13-JUN-2012,5,,,,,NSE
INE704P01025,COCHINSHIP,Cochin Shipyard Limited,EQ,11-AUG-2017,5,,,,,NSE
INE705C01020,SHIVATEX,Shiva Texyarn Limited,EQ,26-DEC-2017,10,,,,,NSE
INE705X01026,GOYALALUM,Goyal Aluminiums Limited,EQ,04-NOV-2022,1,,,,,NSE
INE707A01012,VINDHYATEL,Vindhya Telelinks Limited,EQ,08-FEB-1995,10,,,,,NSE
INE707C01018,CAPTRUST,Capital Trust Limited,BE,16-JAN-2017,10,,,,,NSE
INE709A01018,VLSFINANCE,VLS Finance Limited,EQ,25-MAY-1995,10,,,,,NSE
INE710A01016,VSTIND,VST Industries Limited,EQ,05-SEP-2003,10,,,,,NSE
INE711A01022,WALCHANNAG,Walchandnagar Industries Limited,EQ,18-SEP-1996,2,,,,,NSE
INE712B01010,SUPERHOUSE,Superhouse Limited,EQ,26-SEP-2014,10,,,,,NSE
INE712K01011,SHREEPUSHK,Shree Pushkar Chemicals & Fertilisers Limited,EQ,10-SEP-2015,10,,,,,NSE
INE713B01026,SURYALAXMI,Suryalakshmi Cotton Mills Limited,EQ,15-JUN-2005,10,,,,,NSE
INE713C01016,SURAJLTD,Suraj Limited,EQ,29-AUG-2024,10,,,,,NSE
INE713R01022,GSPCROP,GSP Crop Science Limited,EQ,24-MAR-2026,10,,,,,NSE
INE713T01028,APOLLO,Apollo Micro Systems Limited,EQ,22-JAN-2018,1,,,,,NSE
INE715A01015,WHEELS,Wheels India Limited,EQ,07-APR-2000,10,,,,,NSE
INE715B01021,ANDHRSUGAR,The Andhra Sugars Limited,EQ,01-NOV-1995,2,,,,,NSE
INE715Y01031,SHRADHA,Shradha Realty Limited,EQ,22-OCT-2020,2,,,,,NSE
INE716A01013,WHIRLPOOL,Whirlpool of India Limited,EQ,06-APR-2010,10,,,,,NSE
INE716B01029,TIPSMUSIC,Tips Music Limited,EQ,10-NOV-2000,1,,,,,NSE
INE717A01029,KENNAMET,Kennametal India Limited,EQ,20-APR-2026,10,,,,,NSE
INE717W01049,GANDHAR,Gandhar Oil Refinery (India) Limited,EQ,30-NOV-2023,2,,,,,NSE
INE718F01018,CSLFINANCE,CSL Finance Limited,EQ,21-JUL-2022,10,,,,,NSE
INE718H01014,AUTOIND,Autoline Industries Limited,EQ,31-JAN-2007,10,,,,,NSE
INE718I01012,JSWCEMENT,JSW Cement Limited,EQ,14-AUG-2025,10,,,,,NSE
INE719F01016,SHIVAUM,Shiv Aum Steels Limited,BE,14-NOV-2025,10,,,,,NSE
INE720A01015,KOTHARIPET,Kothari Petrochemicals Limited,EQ,02-NOV-1996,10,,,,,NSE
INE721A01047,SHRIRAMFIN,Shriram Finance Limited,EQ,11-DEC-1996,2,,,,,NSE
INE721Z01010,AARON,Aaron Industries Limited,EQ,06-NOV-2020,10,,,,,NSE
INE722B01019,PRAVEG,Praveg Limited,EQ,20-APR-2026,10,,,,,NSE
INE722H01024,RGL,Renaissance Global Limited,EQ,12-DEC-2007,2,,,,,NSE
INE722J01012,RKDL,Ravi Kumar Distilleries Limited,EQ,27-DEC-2010,10,,,,,NSE
INE725A01030,NAVA,NAVA LIMITED,EQ,03-APR-1996,1,,,,,NSE
INE725E01024,ORISSAMINE,The Orissa Minerals Development Company Limited,EQ,29-SEP-2010,1,,,,,NSE
INE725G01011,ICRA,ICRA Limited,EQ,13-APR-2007,10,,,,,NSE
INE725L01011,KARMAENG,Karma Energy Limited,EQ,28-JUN-2011,10,,,,,NSE
INE726G01019,ICICIPRULI,ICICI Prudential Life Insurance Company Limited,EQ,29-SEP-2016,10,,,,,NSE
INE726L01027,DELPHIFX,DELPHI WORLD MONEY LIMITED,EQ,28-JUN-2011,2,,,,,NSE
INE726V01018,PRICOLLTD,Pricol Limited,EQ,10-FEB-2017,1,,,,,NSE
INE727B01026,GENESYS,Genesys International Corporation Limited,EQ,23-JAN-2003,5,,,,,NSE
INE727S01012,BRNL,Bharat Road Network Limited,EQ,18-SEP-2017,10,,,,,NSE
INE728Z01015,SOFTTECH,Softtech Engineers Limited,BE,25-FEB-2022,10,,,,,NSE
INE729D01010,KILITCH,Kilitch Drugs (India) Limited,EQ,29-SEP-2010,10,,,,,NSE
INE730A01022,ORICONENT,Oricon Enterprises Limited,EQ,24-JUL-2015,2,,,,,NSE
INE731A01020,ARCHIES,Archies Limited,EQ,02-SEP-1998,2,,,,,NSE
INE731C01018,KHAITANLTD,Khaitan (India) Limited,BE,20-DEC-1995,10,,,,,NSE
INE731F01037,WELSPLSOL,Welspun Specialty Solutions Limited,EQ,20-APR-2026,6,,,,,NSE
INE731H01025,ACE,Action Construction Equipment Limited,EQ,26-SEP-2006,2,,,,,NSE
INE731U01028,DIGJAMLMTD,Digjam Limited,EQ,18-OCT-2021,10,,,,,NSE
INE732A01036,KIRLOSBROS,Kirloskar Brothers Limited,EQ,20-APR-2010,2,,,,,NSE
INE732C01016,NCLIND,NCL Industries Limited,EQ,03-APR-2007,10,,,,,NSE
INE732I01021,ANGELONE,Angel One Limited,EQ,05-OCT-2020,1,,,,,NSE
INE732S01012,SAKAR,Sakar Healthcare Limited,EQ,11-APR-2019,10,,,,,NSE
INE733A01018,STARPAPER,Star Paper Mills Limited,EQ,13-SEP-1995,10,,,,,NSE
INE733E01010,NTPC,NTPC Limited,EQ,05-NOV-2004,10,,,,,NSE
INE734I01027,FINKURVE,Finkurve Financial Services Limited,EQ,01-OCT-2025,1,,,,,NSE
INE734N01019,SNOWMAN,Snowman Logistics Limited,EQ,12-SEP-2014,10,,,,,NSE
INE735M01018,SAMPANN,Sampann Utpadan India Limited,EQ,27-JUL-2012,10,,,,,NSE
INE735W01017,UTKARSHBNK,Utkarsh Small Finance Bank Limited,EQ,21-JUL-2023,10,,,,,NSE
INE736A01011,CDSL,Central Depository Services (India) Limited,EQ,30-JUN-2017,10,,,,,NSE
INE737B01033,ADROITINFO,Adroit Infotech Limited,EQ,13-AUG-1997,10,,,,,NSE
INE737D01021,MODISONLTD,MODISON LIMITED,EQ,03-MAY-2021,1,,,,,NSE
INE737H01014,FIEMIND,Fiem Industries Limited,EQ,19-OCT-2006,10,,,,,NSE
INE737W01013,AKASH,Akash Infra-Projects Limited,EQ,11-OCT-2019,10,,,,,NSE
INE738I01010,ECLERX,eClerx Services Limited,EQ,31-DEC-2007,10,,,,,NSE
INE738V01013,ARTNIRMAN,Art Nirman Limited,BE,18-OCT-2021,10,,,,,NSE
INE739E01017,CERA,Cera Sanitaryware Limited,EQ,02-NOV-2007,5,,,,,NSE
INE740D01017,NRAIL,N R Agarwal Industries Limited,EQ,05-APR-2017,10,,,,,NSE
INE740V01019,AGROPHOS,Agro Phos India Limited,EQ,08-MAR-2019,10,,,,,NSE
INE740X01023,LAL,Lorenzini Apparels Limited,EQ,10-APR-2023,1,,,,,NSE
INE741K01010,CREDITACC,CREDITACCESS GRAMEEN LIMITED,EQ,23-AUG-2018,10,,,,,NSE
INE741L01018,DUCON,Ducon Infratechnologies Limited,BE,09-OCT-2012,1,,,,,NSE
INE742B01025,GUFICBIO,Gufic Biosciences Limited,EQ,19-OCT-2004,1,,,,,NSE
INE742C01031,JINDRILL,Jindal Drilling And Industries Limited,EQ,22-DEC-2006,5,,,,,NSE
INE742F01042,ADANIPORTS,Adani Ports and Special Economic Zone Limited,EQ,27-NOV-2007,2,,,,,NSE
INE743M01012,RHIM,RHI MAGNESITA INDIA LIMITED,EQ,12-MAR-2012,1,,,,,NSE
INE745B01028,KHAICHEM,Khaitan Chemicals & Fertilizers Limited,BE,30-OCT-2020,1,,,,,NSE
INE745G01043,MCX,Multi Commodity Exchange of India Limited,EQ,09-MAR-2012,2,,,,,NSE
INE746D01014,PIONRINV,Pioneer Investcorp Limited,EQ,20-APR-2026,10,,,,,NSE
INE747B01016,NEXTMEDIA,Next Mediaworks Limited,EQ,04-APR-2001,10,,,,,NSE
INE747K01017,TARAPUR,Tarapur Transformers Limited,EQ,18-MAY-2010,10,,,,,NSE
INE748C01038,3IINFOLTD,3i Infotech Limited,EQ,22-OCT-2021,10,,,,,NSE
INE748Z01013,SUMIT,Sumit Woods Limited,BE,30-JUL-2019,10,,,,,NSE
INE749A01030,JINDALSTEL,JINDAL STEEL LIMITED,EQ,29-DEC-1999,1,,,,,NSE
INE749B01020,ORTINGLOBE,ORTIN GLOBAL LIMITED,BE,30-MAR-2021,10,,,,,NSE
INE750A01020,ORIENTHOT,Oriental Hotels Limited,EQ,27-AUG-1998,1,,,,,NSE
INE750C01026,MARKSANS,Marksans Pharma Limited,EQ,21-JAN-2002,1,,,,,NSE
INE750D01016,RELCHEMQ,Reliance Chemotex Industries Limited,EQ,25-MAY-2022,10,,,,,NSE
INE750M01017,HEXATRADEX,Hexa Tradex Limited,EQ,20-APR-2012,2,,,,,NSE
INE750R01016,AARNAV,Aarnav Fashions Limited,EQ,25-FEB-2026,10,,,,,NSE
INE751B01018,PIXTRANS,Pix Transmissions Limited,EQ,28-APR-2022,10,,,,,NSE
INE752E01010,POWERGRID,Power Grid Corporation of India Limited,EQ,05-OCT-2007,10,,,,,NSE
INE752G01015,MSPL,MSP Steel & Power Limited,EQ,18-JUL-2005,10,,,,,NSE
INE752H01013,CARERATING,CARE Ratings Limited,EQ,26-DEC-2012,10,,,,,NSE
INE753K01015,EMMBI,Emmbi Industries Limited,EQ,24-FEB-2010,10,,,,,NSE
INE753U01022,DIVGIITTS,Divgi Torqtransfer Systems Limited,EQ,14-MAR-2023,5,,,,,NSE
INE753W01010,SANGINITA,Sanginita Chemicals Limited,BE,15-JUL-2019,10,,,,,NSE
INE754A01055,SUBEXLTD,Subex Limited,BE,05-NOV-2020,5,,,,,NSE
INE754X01016,AARVI,Aarvi Encon Limited,EQ,24-JUN-2020,10,,,,,NSE
INE756C01015,NDGL,Naga Dhunseri Group Limited,EQ,29-AUG-2016,10,,,,,NSE
INE756I01012,HDBFS,HDB Financial Services Limited,EQ,02-JUL-2025,10,,,,,NSE
INE757A01017,COSMOFIRST,COSMO FIRST LIMITED,EQ,25-MAY-1995,10,,,,,NSE
INE757B01015,TRANSWORLD,TRANSWORLD SHIPPING LINES LIMITED,EQ,01-MAR-1995,10,,,,,NSE
INE757T01025,AEPL,Artemis Electricals and Projects Limited,BE,12-MAR-2026,1,,,,,NSE
INE758C01029,AHLUCONT,Ahluwalia Contracts (India) Limited,EQ,14-DEC-2009,2,,,,,NSE
INE758E01017,JIOFIN,Jio Financial Services Limited,EQ,21-AUG-2023,10,,,,,NSE
INE758T01015,ETERNAL,ETERNAL LIMITED,EQ,23-JUL-2021,1,,,,,NSE
INE759A01021,MASTEK,Mastek Limited,EQ,10-MAY-1995,5,,,,,NSE
INE759V01019,HEADSUP,Heads UP Ventures Limited,EQ,14-DEC-2016,10,,,,,NSE
INE760A01029,KOKUYOCMLN,Kokuyo Camlin Limited,EQ,28-JUL-2008,1,,,,,NSE
INE760F01028,INDOAMIN,Indo Amines Limited,EQ,29-APR-2022,5,,,,,NSE
INE760L01018,TBZ,Tribhovandas Bhimji Zaveri Limited,EQ,09-MAY-2012,10,,,,,NSE
INE760W01023,RPPL,Rajshree Polypack Limited,EQ,26-NOV-2021,5,,,,,NSE
INE760Y01011,ASHOKAMET,Ashoka Metcast Limited,EQ,27-JUN-2023,10,,,,,NSE
INE761G01016,BLACKROSE,Black Rose Inds. Limited,EQ,20-APR-2026,1,,,,,NSE
INE761H01022,PAGEIND,Page Industries Limited,EQ,16-MAR-2007,10,,,,,NSE
INE761Y01019,ZODIAC,Zodiac Energy Limited,BE,14-DEC-2021,10,,,,,NSE
INE763I01026,TARIL,Transformers And Rectifiers (India) Limited,EQ,28-DEC-2007,1,,,,,NSE
INE764D01017,VSTTILLERS,V.S.T Tillers Tractors Limited,EQ,20-JUN-2011,10,,,,,NSE
INE764L01010,SADBHIN,Sadbhav Infrastructure Project Limited,EQ,16-SEP-2015,10,,,,,NSE
INE765D01022,WPIL,WPIL Limited,EQ,20-APR-2026,1,,,,,NSE
INE765G01017,ICICIGI,ICICI Lombard General Insurance Company Limited,EQ,27-SEP-2017,10,,,,,NSE
INE766P01016,MAHLOG,Mahindra Logistics Limited,EQ,10-NOV-2017,10,,,,,NSE
INE767A01016,AARTIDRUGS,Aarti Drugs Limited,EQ,19-SEP-2003,10,,,,,NSE
INE768C01028,ZYDUSWELL,Zydus Wellness Limited,EQ,13-NOV-2009,2,,,,,NSE
INE769A01020,AARTIIND,Aarti Industries Limited,EQ,08-FEB-1995,5,,,,,NSE
INE770A01010,PRADPME,Pradeep Metals Limited,EQ,20-APR-2026,10,,,,,NSE
INE771A01026,MIRZAINT,Mirza International Limited,EQ,28-APR-1999,2,,,,,NSE
INE771F01041,FISCHER,Fischer Medical Ventures Limited,EQ,10-JUL-2025,1,,,,,NSE
INE772T01024,PVSL,Popular Vehicles and Services Limited,EQ,19-MAR-2024,2,,,,,NSE
INE773I01017,ALKALI,Alkali Metals Limited,EQ,06-NOV-2008,10,,,,,NSE
INE774D01024,M&MFIN,Mahindra & Mahindra Financial Services Limited,EQ,17-MAR-2006,2,,,,,NSE
INE775A01035,MOTHERSON,Samvardhana Motherson International Limited,EQ,14-AUG-1996,1,,,,,NSE
INE776C01039,GMRAIRPORT,GMR AIRPORTS LIMITED,EQ,21-AUG-2006,1,,,,,NSE
INE776I01010,MEP,MEP Infrastructure Developers Limited,BZ,06-MAY-2015,10,,,,,NSE
INE777F01014,EXICOM,Exicom Tele-Systems Limited,EQ,05-MAR-2024,10,,,,,NSE
INE777K01022,RRKABEL,R R Kabel Limited,EQ,20-SEP-2023,5,,,,,NSE
INE778B01029,ESTER,Ester Industries Limited,EQ,20-JUN-2011,5,,,,,NSE
INE778K01012,EMAMIREAL,Emami Realty Limited,BE,28-JUL-2010,2,,,,,NSE
INE780C01023,JMFINANCIL,JM Financial Limited,EQ,10-OCT-2006,1,,,,,NSE
INE781A01025,INTENTECH,Intense Technologies Limited,EQ,23-MAR-2017,2,,,,,NSE
INE781B01015,NOIDATOLL,Noida Toll Bridge Company Limited,EQ,06-DEC-2002,10,,,,,NSE
INE781S01027,VENTIVE,Ventive Hospitality Limited,EQ,30-DEC-2024,1,,,,,NSE
INE782A01015,BOSCH-HCIL,BOSCH HOME COMFORT INDIA LIMITED,EQ,03-JAN-2000,10,,,,,NSE
INE782E01017,HESTERBIO,Hester Biosciences Limited,EQ,13-MAR-2015,10,,,,,NSE
INE782L01012,SANCO,Sanco Industries Limited,BZ,22-NOV-2016,10,,,,,NSE
INE782X01033,SERVOTECH,Servotech Renewable Power System Limited,EQ,02-SEP-2021,1,,,,,NSE
INE783X01023,CHEMFAB,Chemfab Alkalis Limited,BE,25-APR-2018,10,,,,,NSE
INE784B01035,WINSOME,Winsome Yarns Limited,BZ,25-AUG-2011,10,,,,,NSE
INE784R01023,ARFIN,Arfin India Limited,EQ,22-JUL-2025,1,,,,,NSE
INE784W01015,MANOMAY,Manomay Tex India Limited,EQ,18-JAN-2023,10,,,,,NSE
INE785A01026,JAYAGROGN,Jayant Agro Organics Limited,EQ,17-APR-1996,5,,,,,NSE
INE785M01021,PCJEWELLER,PC Jeweller Limited,EQ,27-DEC-2012,1,,,,,NSE
INE786A01032,JKLAKSHMI,JK Lakshmi Cement Limited,EQ,19-JUN-2006,5,,,,,NSE
INE786F01031,UTTAMSUGAR,Uttam Sugar Mills Limited,EQ,10-APR-2006,10,,,,,NSE
INE786W01010,RKEC,RKEC Projects Limited,EQ,18-DEC-2020,10,,,,,NSE
INE787D01026,BALKRISIND,Balkrishna Industries Limited,EQ,27-JAN-2006,2,,,,,NSE
INE788H01017,HILTON,Hilton Metal Forging Limited,EQ,24-MAY-2007,10,,,,,NSE
INE788J01021,SHIVALIK,Shivalik Rasayan Limited,EQ,09-DEC-2021,5,,,,,NSE
INE789E01012,JKPAPER,JK Paper Limited,EQ,16-JUN-2005,10,,,,,NSE
INE790B01024,KCPSUGIND,KCP Sugar and Industries Corporation Limited,EQ,11-JUN-1997,1,,,,,NSE
INE790G01031,SHILPAMED,Shilpa Medicare Limited,EQ,03-DEC-2009,1,,,,,NSE
INE791A01024,BLBLIMITED,BLB Limited,BE,31-MAY-2000,1,,,,,NSE
INE791I01019,BRIGADE,Brigade Enterprises Limited,EQ,31-DEC-2007,10,,,,,NSE
INE792B01012,AMBICAAGAR,Ambica Agarbathies & Aroma industries Limited,EQ,29-JUN-2004,10,,,,,NSE
INE792H01019,GLOBALVECT,Global Vectra Helicorp Limited,EQ,27-OCT-2006,10,,,,,NSE
INE792I01017,CORDSCABLE,Cords Cable Industries Limited,EQ,13-FEB-2008,10,,,,,NSE
INE792Z01011,SIRCA,Sirca Paints India Limited,EQ,22-JUL-2019,10,,,,,NSE
INE793A01012,ACCELYA,Accelya Solutions India Limited,EQ,01-DEC-1999,10,,,,,NSE
INE794A01010,NEULANDLAB,Neuland Laboratories Limited,EQ,13-OCT-2008,10,,,,,NSE
INE794B01026,BALAJITELE,Balaji Telefilms Limited,EQ,22-NOV-2000,2,,,,,NSE
INE794W01014,MODTHREAD,Modern Threads (India) Limited,EQ,22-NOV-1995,10,,,,,NSE
INE795G01014,HDFCLIFE,HDFC Life Insurance Company Limited,EQ,17-NOV-2017,10,,,,,NSE
INE796G01012,JINDALPHOT,Jindal Photo Limited,EQ,07-APR-2005,10,,,,,NSE
INE797F01020,JUBLFOOD,Jubilant Foodworks Limited,EQ,08-FEB-2010,2,,,,,NSE
INE797H01018,TGBHOTELS,TGB Banquets And Hotels Limited,EQ,17-MAY-2007,10,,,,,NSE
INE798K01010,KRITINUT,Kriti Nutrients Limited,BE,07-OCT-2022,1,,,,,NSE
INE800A01015,BIRLACABLE,Birla Cable Limited,BE,06-DEC-1995,10,,,,,NSE
INE800H01010,OMAXE,Omaxe Limited,EQ,09-AUG-2007,10,,,,,NSE
INE801L01010,AIROLAM,Airo Lam limited,EQ,13-OCT-2021,10,,,,,NSE
INE801V01019,LAXMICOT,Laxmi Cotspin Limited,BE,12-NOV-2021,10,,,,,NSE
INE802B01027,LINC,Linc Limited,EQ,09-MAR-2015,5,,,,,NSE
INE802C01033,SSWL,Steel Strips Wheels Limited,EQ,06-JUN-2005,1,,,,,NSE
INE802W01023,BOHRAIND,Bohra Industries Limited,BE,27-OCT-2022,10,,,,,NSE
INE803D01021,INDOBORAX,Indo Borax & Chemicals Limited,EQ,29-MAR-2022,1,,,,,NSE
INE803H01014,RUCHIRA,Ruchira Papers Limited,EQ,20-DEC-2006,10,,,,,NSE
INE804H01012,TFL,Transwarranty Finance Limited,EQ,26-FEB-2007,10,,,,,NSE
INE804L01022,MEDPLUS,Medplus Health Services Limited,EQ,23-DEC-2021,2,,,,,NSE
INE805A01014,GOLDTECH,AION-TECH SOLUTIONS LIMITED,EQ,11-APR-2001,10,,,,,NSE
INE805C01028,KCP,KCP Limited,EQ,09-APR-1997,1,,,,,NSE
INE805D01034,SUNTECK,Sunteck Realty Limited,EQ,13-NOV-2009,1,,,,,NSE
INE806A01020,VIKASECO,Vikas EcoTech Limited,BE,12-DEC-2011,1,,,,,NSE
INE806C01018,TIL,TIL Limited,EQ,27-SEP-1995,10,,,,,NSE
INE806T01020,SAPPHIRE,Sapphire Foods India Limited,EQ,18-NOV-2021,2,,,,,NSE
INE807F01027,VIYASH,Viyash Scientific Limited,EQ,10-MAR-2016,2,,,,,NSE
INE807K01035,SCHAND,S Chand And Company Limited,EQ,09-MAY-2017,5,,,,,NSE
INE809A01032,RAMAPHO,Rama Phosphates Limited,EQ,05-AUG-2022,5,,,,,NSE
INE809I01019,ONMOBILE,OnMobile Global Limited,EQ,19-FEB-2008,10,,,,,NSE
INE810G01011,SHYAMMETL,Shyam Metalics and Energy Limited,EQ,24-JUN-2021,10,,,,,NSE
INE811A01020,KIRLPNU,Kirloskar Pneumatic Company Limited,EQ,26-APR-2023,2,,,,,NSE
INE811K01011,PRESTIGE,Prestige Estates Projects Limited,EQ,27-OCT-2010,10,,,,,NSE
INE812G01025,SMSPHARMA,SMS Pharmaceuticals Limited,EQ,28-FEB-2007,1,,,,,NSE
INE813A01018,MAHLIFE,Mahindra Lifespace Developers Limited,EQ,10-MAY-2000,10,,,,,NSE
INE813H01021,TORNTPOWER,Torrent Power Limited,EQ,28-NOV-2006,10,,,,,NSE
INE813V01022,MCL,Madhav Copper Limited,BE,19-AUG-2020,5,,,,,NSE
INE814H01029,ADANIPOWER,Adani Power Limited,EQ,20-AUG-2009,2,,,,,NSE
INE816B01035,FILATEX,Filatex India Limited,EQ,29-AUG-2011,1,,,,,NSE
INE818A01017,ANTELOPUS,Antelopus Selan Energy Limited,EQ,26-SEP-2006,10,,,,,NSE
INE818B01023,PASUPTAC,Pasupati Acrylon Limited,EQ,12-OCT-2021,10,,,,,NSE
INE818H01020,LTFOODS,LT Foods Limited,EQ,18-DEC-2006,1,,,,,NSE
INE818W01011,ESAFSFB,ESAF Small Finance Bank Limited,EQ,10-NOV-2023,10,,,,,NSE
INE819A01049,COMFINTE,Comfort Intech Limited,EQ,20-APR-2026,1,,,,,NSE
INE819L01012,ELGIRUBCO,Elgi Rubber Company Limited,EQ,10-AUG-2011,1,,,,,NSE
INE819V01029,CPPLUS,Aditya Infotech Limited,EQ,05-AUG-2025,1,,,,,NSE
INE820Y01021,AJOONI,Ajooni Biotech Limited,EQ,07-MAY-2021,2,,,,,NSE
INE821I01022,IRB,IRB Infrastructure Developers Limited,EQ,25-FEB-2008,1,,,,,NSE
INE822C01015,TCPLPACK,TCPL Packaging Limited,EQ,17-OCT-2017,10,,,,,NSE
INE822E01011,SUPREME,Supreme Holdings & Hospitality (India) Limited,EQ,03-FEB-2025,10,,,,,NSE
INE822G01016,ELECTHERM,Electrotherm (India) Limited,EQ,20-AUG-2007,10,,,,,NSE
INE823A01017,KOTHARIPRO,Kothari Products Limited,EQ,03-JUN-1998,10,,,,,NSE
INE823G01014,JKCEMENT,JK Cement Limited,EQ,14-MAR-2006,10,,,,,NSE
INE824G01012,JSWHL,JSW Holdings Limited,EQ,21-JUN-2005,10,,,,,NSE
INE824Q01011,MANAKSTEEL,Manaksia Steels Limited,BE,30-MAR-2015,1,,,,,NSE
INE825A01020,VTL,Vardhman Textiles Limited,EQ,14-JAN-2003,2,,,,,NSE
INE825V01034,MANYAVAR,Vedant Fashions Limited,EQ,16-FEB-2022,1,,,,,NSE
INE826C01016,GUJAPOLLO,Gujarat Apollo Industries Limited,EQ,04-JUN-2007,10,,,,,NSE
INE828A01016,BIL,Bhartiya International Limited,EQ,12-APR-2000,10,,,,,NSE
INE828O01033,MITCON,MITCON Consultancy & Engineering Services Limited,EQ,17-MAR-2022,10,,,,,NSE
INE829A01014,BIOFILCHEM,Biofil Chemicals & Pharmaceuticals Limited,EQ,12-JUN-1996,10,,,,,NSE
INE830C01026,EMAMIPAP,Emami Paper Mills Limited,EQ,30-MAY-2019,2,,,,,NSE
INE830Q01018,MANAKCOAT,Manaksia Coated Metals & Industries Limited,EQ,30-MAR-2015,1,,,,,NSE
INE831A01028,MIRCELECTR,MIRC Electronics Limited,EQ,24-MAY-2004,1,,,,,NSE
INE832A01018,MODIRUBBER,Modi Rubber Limited,EQ,07-FEB-1996,10,,,,,NSE
INE834I01025,KHADIM,Khadim India Limited,EQ,14-NOV-2017,10,,,,,NSE
INE834M01019,RTNINDIA,RattanIndia Enterprises Limited,EQ,30-JUL-2012,2,,,,,NSE
INE835A01029,VARDMNPOLY,Vardhman Polytex Limited,BE,12-MAY-2003,1,,,,,NSE
INE835B01035,MOLDTECH,Mold-Tek Technologies Limited,EQ,07-JUL-2016,2,,,,,NSE
INE835D01023,HIRECT,Hind Rectifiers Limited,EQ,26-DEC-2006,2,,,,,NSE
INE835G01018,ALLDIGI,Alldigi Tech Limited,EQ,09-MAY-2005,10,,,,,NSE
INE836A01035,BSOFT,BIRLASOFT LIMITED,EQ,24-NOV-1999,2,,,,,NSE
INE836B01017,SATIN,Satin Creditcare Network Limited,EQ,26-AUG-2015,10,,,,,NSE
INE836F01026,DISHTV,Dish TV India Limited,BE,18-APR-2007,1,,,,,NSE
INE837H01020,ADVENZYMES,Advanced Enzyme Technologies Limited,EQ,01-AUG-2016,2,,,,,NSE
INE838B01021,BHARATRAS,Bharat Rasayan Limited,EQ,11-OCT-1995,5,,,,,NSE
INE838E01017,PONNIERODE,Ponni Sugars (Erode) Limited,EQ,16-APR-2002,10,,,,,NSE
INE839G01010,JOCIL,Jocil Limited,EQ,08-OCT-2008,10,,,,,NSE
INE839M01018,SCHNEIDER,Schneider Electric Infrastructure Limited,BE,20-MAR-2012,2,,,,,NSE
INE840M01016,ZUARI,Zuari Agro Chemicals Limited,EQ,27-NOV-2012,10,,,,,NSE
INE840Y01029,ONEPOINT,One Point One Solutions Limited,EQ,09-MAY-2019,2,,,,,NSE
INE841B01017,INDBANK,Indbank Merchant Banking Services Limited,EQ,08-OCT-2008,10,,,,,NSE
INE841L01016,DEEDEV,DEE Development Engineers Limited,EQ,26-JUN-2024,10,,,,,NSE
INE842C01021,MINDACORP,Minda Corporation Limited,EQ,16-OCT-2014,2,,,,,NSE
INE843B01013,MAHAPEXLTD,Maha Rashtra Apex Corporation Limited,EQ,21-JAN-1998,10,,,,,NSE
INE843D01027,DCMSRIND,DCM Shriram Industries Limited,EQ,24-DEC-2021,2,,,,,NSE
INE843S01025,SURAJEST,Suraj Estate Developers Limited,EQ,26-DEC-2023,5,,,,,NSE
INE844A01013,PEARLPOLY,Pearl Polymers Limited,BE,11-OCT-1995,10,,,,,NSE
INE844K01012,BEDMUTHA,Bedmutha Industries Limited,BE,14-OCT-2010,10,,,,,NSE
INE844O01030,GUJGASLTD,Gujarat Gas Limited,EQ,15-SEP-2015,2,,,,,NSE
INE845D01014,GANECOS,Ganesha Ecosphere Limited,EQ,09-MAR-2015,10,,,,,NSE
INE846D01012,LORDSCHLO,Lords Chloro Alkali Limited,EQ,28-AUG-2023,10,,,,,NSE
INE847C01020,ROSSELLIND,Rossell India Limited,EQ,25-SEP-2012,2,,,,,NSE
INE848A01014,IZMO,IZMO Limited,BE,05-FEB-2007,10,,,,,NSE
INE848E01016,NHPC,NHPC Limited,EQ,01-SEP-2009,10,,,,,NSE
INE849A01020,TRENT,Trent Limited,EQ,07-JUN-2004,1,,,,,NSE
INE849C01026,SHALPAINTS,Shalimar Paints Limited,EQ,03-MAR-2008,2,,,,,NSE
INE849L01019,ORTEL,Ortel Communications Limited,BZ,19-MAR-2015,10,,,,,NSE
INE850B01026,ABMKNO,ABM Knowledgeware Limited,EQ,20-APR-2026,5,,,,,NSE
INE850D01014,GODREJAGRO,Godrej Agrovet Limited,EQ,16-OCT-2017,10,,,,,NSE
INE850E01012,LFIC,Lakshmi Finance & Industrial Corporation Limited,EQ,15-APR-2015,10,,,,,NSE
INE850M01015,NORTHARC,Northern Arc Capital Limited,EQ,24-SEP-2024,10,,,,,NSE
INE851I01011,UDS,Updater Services Limited,EQ,04-OCT-2023,10,,,,,NSE
INE852O01025,APTUS,Aptus Value Housing Finance India Limited,EQ,24-AUG-2021,2,,,,,NSE
INE854B01010,JAYNECOIND,Jayaswal Neco Industries Limited,EQ,10-MAY-1995,10,,,,,NSE
INE854D01024,UNITDSPR,United Spirits Limited,EQ,27-SEP-2001,2,,,,,NSE
INE854S01022,GENCON,Generic Engineering Construction and Projects Limited,EQ,16-FEB-2021,5,,,,,NSE
INE855B01025,RAIN,Rain Industries Limited,EQ,03-MAR-2008,2,,,,,NSE
INE855C01023,WEBELSOLAR,Websol Energy System Limited,EQ,15-MAY-2007,1,,,,,NSE
INE855F01042,ASMS,Bartronics India Limited,EQ,09-FEB-2023,1,,,,,NSE
INE855R01021,RADIANTCMS,Radiant Cash Management Services Limited,EQ,04-JAN-2023,1,,,,,NSE
INE858B01029,ISGEC,Isgec Heavy Engineering Limited,EQ,05-MAY-2021,1,,,,,NSE
INE858F01012,NITCO,Nitco Limited,EQ,21-MAR-2006,10,,,,,NSE
INE859A01011,PNBGILTS,PNB Gilts Limited,EQ,18-SEP-2000,10,,,,,NSE
INE859Q01017,MANAKALUCO,Manaksia Aluminium Company Limited,EQ,30-MAR-2015,1,,,,,NSE
INE860A01027,HCLTECH,HCL Technologies Limited,EQ,06-JAN-2000,2,,,,,NSE
INE861B01023,MOTOGENFIN,The Motor & General Finance Limited,EQ,08-FEB-1995,5,,,,,NSE
INE861D01011,SAHLIBHFI,Shalibhadra Finance Limited,EQ,10-APR-2026,10,,,,,NSE
INE862Y01015,BANKA,Banka BioLoo Limited,BE,29-OCT-2020,10,,,,,NSE
INE863B01029,PREMEXPLN,Premier Explosives Limited,EQ,17-JUN-2016,2,,,,,NSE
INE863I01016,BANG,Bang Overseas Limited,EQ,20-FEB-2008,10,,,,,NSE
INE863T01013,JITFINFRA,JITF Infralogistics Limited,BE,27-FEB-2017,2,,,,,NSE
INE864I01014,MTARTECH,Mtar Technologies Limited,EQ,15-MAR-2021,10,,,,,NSE
INE864J01012,TAMBOLIIN,Tamboli Industries Limited,EQ,20-APR-2026,10,,,,,NSE
INE864K01010,IRIS,IRIS RegTech Solutions Limited,EQ,08-NOV-2021,10,,,,,NSE
INE864X01013,DPWIRES,D P Wires Limited,EQ,17-JAN-2020,10,,,,,NSE
INE865C01022,BIRLAMONEY,Aditya Birla Money Limited,EQ,07-FEB-2008,1,,,,,NSE
INE865T01018,PDMJEPAPER,Pudumjee Paper Products Limited,EQ,30-MAR-2016,1,,,,,NSE
INE866K01023,WAAREEINDO,Indosolar Limited,BE,29-SEP-2010,10,,,,,NSE
INE866R01028,MATRIMONY,Matrimony.Com Limited,EQ,21-SEP-2017,5,,,,,NSE
INE867A01022,MANUGRAPH,Manugraph India Limited,EQ,14-SEP-2006,2,,,,,NSE
INE868B01028,NCC,NCC Limited,EQ,14-OCT-2003,2,,,,,NSE
INE869I01013,GTPL,GTPL Hathway Limited,EQ,04-JUL-2017,10,,,,,NSE
INE869Y01010,TEMBO,Tembo Global Industries Limited,EQ,23-APR-2021,10,,,,,NSE
INE870D01012,NFL,National Fertilizers Limited,EQ,28-DEC-2006,10,,,,,NSE
INE870H01013,NETWORK18,Network18 Media & Investments Limited,EQ,02-FEB-2007,5,,,,,NSE
INE871C01038,AVANTIFEED,Avanti Feeds Limited,EQ,15-APR-2015,1,,,,,NSE
INE871H01011,GSS,GSS Infotech Limited,BE,07-MAR-2008,10,,,,,NSE
INE871K01015,HMVL,Hindustan Media Ventures Limited,EQ,21-JUL-2010,10,,,,,NSE
INE871L01013,TVVISION,TV Vision Limited,EQ,15-SEP-2016,10,,,,,NSE
INE872H01027,LUMAXTECH,Lumax Auto Technologies Limited,EQ,16-JAN-2007,2,,,,,NSE
INE872J01023,DEVYANI,Devyani International Limited,EQ,16-AUG-2021,1,,,,,NSE
INE873D01024,INDOCO,Indoco Remedies Limited,EQ,14-JAN-2005,2,,,,,NSE
INE874F01027,RADAAN,Radaan Mediaworks India Limited,EQ,27-FEB-2003,2,,,,,NSE
INE874I01013,RAMKY,Ramky Infrastructure Limited,EQ,08-OCT-2010,10,,,,,NSE
INE875B01015,NIMBSPROJ,Nimbus Projects Limited,EQ,06-APR-2026,10,,,,,NSE
INE875G01048,NDL,Nandan Denim Limited,EQ,23-MAR-2012,1,,,,,NSE
INE875R01011,BALKRISHNA,Balkrishna Paper Mills Limited,EQ,28-JUL-2015,10,,,,,NSE
INE876N01018,ORIENTCEM,Orient Cement Limited,EQ,12-JUL-2013,1,,,,,NSE
INE877F01012,PTC,PTC India Limited,EQ,07-APR-2004,10,,,,,NSE
INE877I01016,ARCHIDPLY,Archidply Industries Limited,EQ,04-JUL-2008,10,,,,,NSE
INE877V01027,SURAKSHA,Suraksha Diagnostic Limited,EQ,06-DEC-2024,2,,,,,NSE
INE878A01011,GVPIL,GE Power India Limited,BE,19-APR-2000,10,,,,,NSE
INE878B01027,KEI,KEI Industries Limited,EQ,23-MAR-2006,2,,,,,NSE
INE878E01021,SETCO,Setco Automotive Limited,BE,01-JUL-2016,2,,,,,NSE
INE878H01024,INVENTURE,Inventure Growth & Securities Limited,EQ,04-AUG-2011,1,,,,,NSE
INE878I01022,BAFNAPH,Bafna Pharmaceuticals Limited,BE,27-FEB-2020,10,,,,,NSE
INE878K01010,BFINVEST,BF Investment Limited,EQ,14-JAN-2011,5,,,,,NSE
INE879A01019,SHREERAMA,Shree Rama Multi-Tech Limited,EQ,13-MAR-2000,5,,,,,NSE
INE879E01037,KANANIIND,Kanani Industries Limited,EQ,14-DEC-2011,1,,,,,NSE
INE879I01012,DBREALTY,Valor Estate Limited,EQ,24-FEB-2010,10,,,,,NSE
INE880J01026,JSWINFRA,JSW Infrastructure Limited,EQ,03-OCT-2023,2,,,,,NSE
INE880L01014,KIOCL,KIOCL Limited,EQ,29-NOV-2016,10,,,,,NSE
INE880Y01017,SOLEX,Solex Energy Limited,EQ,08-OCT-2025,10,,,,,NSE
INE881D01027,OFSS,Oracle Financial Services Software Limited,EQ,28-JUN-2002,5,,,,,NSE
INE882A01013,MARALOVER,Maral Overseas Limited,BE,08-FEB-1995,10,,,,,NSE
INE883A01011,MRF,MRF Limited,EQ,18-SEP-1996,10,,,,,NSE
INE883F01010,AADHARHFC,Aadhar Housing Finance Limited,EQ,15-MAY-2024,10,,,,,NSE
INE883N01014,PARAGMILK,Parag Milk Foods Limited,EQ,19-MAY-2016,10,,,,,NSE
INE884A01027,VAIBHAVGBL,Vaibhav Global Limited,EQ,05-APR-2004,2,,,,,NSE
INE884B01025,KIRLFER,Kirloskar Ferrous Industries Limited,EQ,20-APR-2026,5,,,,,NSE
INE885A01032,ARE&M,Amara Raja Energy & Mobility Limited,EQ,05-SEP-2003,1,,,,,NSE
INE885E01042,MAZDA,Mazda Limited,EQ,01-NOV-2016,2,,,,,NSE
INE885F01015,MASKINVEST,Mask Investments Limited,BE,14-OCT-2016,10,,,,,NSE
INE885H01029,SPORTKING,Sportking India Limited,EQ,24-AUG-2022,1,,,,,NSE
INE886A01014,IITL,Industrial Investment Trust Limited,EQ,17-AUG-2010,10,,,,,NSE
INE886D01026,EFCIL,EFC (I) Limited,EQ,20-AUG-2025,2,,,,,NSE
INE886D20018,EFCIL-RE,EFC (I) Limited-RE,BE,13-MAY-2026,2,,,,,NSE
INE887D01016,TCC,TCC Concept Limited,EQ,25-FEB-2026,10,,,,,NSE
INE887E01022,NGLFINE,NGL Fine-Chem Limited,EQ,08-JUL-2022,5,,,,,NSE
INE887G01027,GOKEX,Gokaldas Exports Limited,EQ,27-APR-2005,5,,,,,NSE
INE888C01040,SADHNANIQ,Sadhana Nitrochem Limited,BE,05-MAY-2023,1,,,,,NSE
INE890C01046,SANWARIA,Sanwaria Consumer Limited,BZ,27-MAR-2006,1,,,,,NSE
INE891B01012,DCMFINSERV,DCM Financial Services Limited,BE,21-MAY-1997,10,,,,,NSE
INE891D01026,REDINGTON,Redington Limited,EQ,15-FEB-2007,2,,,,,NSE
INE893I01013,VASCONEQ,Vascon Engineers Limited,BE,15-FEB-2010,10,,,,,NSE
INE893J01029,MOLDTKPAC,Mold-Tek Packaging Limited,EQ,23-FEB-2015,5,,,,,NSE
INE894V01022,BELRISE,Belrise Industries Limited,EQ,28-MAY-2025,5,,,,,NSE
INE895B01021,RUPA,Rupa & Company Limited,EQ,07-DEC-2011,1,,,,,NSE
INE895W01019,PANACHE,Panache Digilife Limited,BE,06-JAN-2020,10,,,,,NSE
INE896L01010,INDOSTAR,IndoStar Capital Finance Limited,EQ,21-MAY-2018,10,,,,,NSE
INE898S01029,AURUM,Aurum PropTech Limited,EQ,19-AUG-2015,5,,,,,NSE
INE899L01030,UEL,Ujaas Energy Limited,EQ,16-APR-2024,1,,,,,NSE
INE900B01029,KABRAEXTRU,Kabra Extrusion Technik Limited,EQ,06-SEP-1995,5,,,,,NSE
INE900C01027,ASAL,Automotive Stampings and Assemblies Limited,EQ,12-MAR-2002,10,,,,,NSE
INE900L01010,MBAPL,Madhya Bharat Agro Products Limited,EQ,22-AUG-2019,10,,,,,NSE
INE901L01018,APLLTD,Alembic Pharmaceuticals Limited,EQ,20-SEP-2011,2,,,,,NSE
INE902B01017,S&SPOWER,S&S Power Switchgears Limited,BE,27-SEP-1995,10,,,,,NSE
INE903A01025,JAYKAY,Jaykay Enterprises Limited,EQ,03-DEC-2025,1,,,,,NSE
INE903D01011,MONARCH,Monarch Networth Capital Limited,EQ,06-JAN-2022,10,,,,,NSE
INE903U01023,SIGNATURE,Signatureglobal (India) Limited,EQ,27-SEP-2023,1,,,,,NSE
INE906O01029,TIGERLOGS,Tiger Logistics (India) Limited,BE,18-SEP-2025,1,,,,,NSE
INE907A01026,KSL,Kalyani Steels Limited,EQ,19-MAY-2010,5,,,,,NSE
INE908D01010,SHAKTIPUMP,Shakti Pumps (India) Limited,EQ,29-JAN-2015,10,,,,,NSE
INE908V01012,LIBAS,Libas Consumer Products Limited,EQ,23-JUL-2019,10,,,,,NSE
INE910A01012,NIRLON,Nirlon Limited,EQ,20-APR-2026,10,,,,,NSE
INE910C01018,TTKHLTCARE,TTK Healthcare Limited,EQ,02-DEC-2015,10,,,,,NSE
INE911B01018,TCIFINANCE,TCI Finance Limited,EQ,21-MAY-1997,10,,,,,NSE
INE912H01013,MBLINFRA,MBL Infrastructure Limited,BE,11-JAN-2010,10,,,,,NSE
INE912L01015,ONELIFECAP,Onelife Capital Advisors Limited,EQ,17-OCT-2011,10,,,,,NSE
INE912T01018,RPEL,Raghav Productivity Enhancers Limited,EQ,08-AUG-2024,10,,,,,NSE
INE913H01037,ENDURANCE,Endurance Technologies Limited,EQ,19-OCT-2016,10,,,,,NSE
INE914E01040,ALANKIT,Alankit Limited,EQ,30-JUN-2015,1,,,,,NSE
INE914M01019,ASTERDM,Aster DM Healthcare Limited,EQ,26-FEB-2018,10,,,,,NSE
INE915B01019,INDSWFTLAB,Ind-Swift Laboratories Limited,EQ,02-JUL-1997,10,,,,,NSE
INE915K01010,AHLWEST,Asian Hotels (West) Limited,BE,05-AUG-2010,10,,,,,NSE
INE916G01016,GEECEE,GeeCee Ventures Limited,EQ,04-OCT-2006,10,,,,,NSE
INE916U01025,SFL,Sheela Foam Limited,EQ,09-DEC-2016,5,,,,,NSE
INE916Y01027,AFIL,Akme Fintrade (India) Limited,BE,26-JUN-2024,1,,,,,NSE
INE917H01012,SRHHYPOLTD,Sree Rayalaseema Hi-Strength Hypo Limited,EQ,08-MAY-2007,10,,,,,NSE
INE917I01010,BAJAJ-AUTO,Bajaj Auto Limited,EQ,26-MAY-2008,10,,,,,NSE
INE917M01012,DBL,Dilip Buildcon Limited,EQ,11-AUG-2016,10,,,,,NSE
INE918I01026,BAJAJFINSV,Bajaj Finserv Limited,EQ,26-MAY-2008,1,,,,,NSE
INE918N01018,VETO,Veto Switchgears And Cables Limited,EQ,29-APR-2015,10,,,,,NSE
INE918Z01012,KAYNES,Kaynes Technology India Limited,EQ,22-NOV-2022,10,,,,,NSE
INE919H01018,IMFA,Indian Metals & Ferro Alloys Limited,EQ,23-JUL-2010,10,,,,,NSE
INE919I01024,RADIOCITY,Music Broadcast Limited,BE,17-MAR-2017,2,,,,,NSE
INE920A01037,DOLPHIN,Dolphin Offshore Enterprises (India) Limited,EQ,21-AUG-2023,1,,,,,NSE
INE921B01025,DBSTOCKBRO,DB (International) Stock Brokers Limited,EQ,29-FEB-2012,2,,,,,NSE
INE921L01032,POWERICA,Powerica Limited,EQ,02-APR-2026,5,,,,,NSE
INE922A01025,BEPL,Bhansali Engineering Polymers Limited,EQ,21-MAR-2005,1,,,,,NSE
INE922B01023,PANACEABIO,Panacea Biotec Limited,EQ,17-APR-1996,1,,,,,NSE
INE922K01024,INDIASHLTR,India Shelter Finance Corporation Limited,EQ,20-DEC-2023,5,,,,,NSE
INE923A01015,SILINV,SIL Investments Limited,EQ,22-MAY-1996,10,,,,,NSE
INE924D01017,THEINVEST,The Investment Trust Of India Limited,EQ,02-AUG-2017,10,,,,,NSE
INE924H01018,TARMAT,Tarmat Limited,BE,09-JUL-2007,10,,,,,NSE
INE925C01016,MADHAV,Madhav Marbles and Granites Limited,EQ,20-DEC-2007,10,,,,,NSE
INE925R01014,CMSINFO,CMS Info Systems Limited,EQ,31-DEC-2021,10,,,,,NSE
INE925Y01036,AURIGROW,Auri Grow India Limited,EQ,24-DEC-2020,1,,,,,NSE
INE926B01016,GRANDOAK,Grand Oak Canyons Distillery Limited,EQ,20-APR-2026,10,,,,,NSE
INE926K01017,AHLEAST,Asian Hotels (East) Limited,EQ,11-AUG-2010,10,,,,,NSE
INE926X01010,HGINFRA,H.G. Infra Engineering Limited,EQ,09-MAR-2018,10,,,,,NSE
INE927A01040,ROLLT,Rollatainers Limited,BE,22-NOV-2016,1,,,,,NSE
INE927C01020,DIGISPICE,DiGiSPICE Technologies Limited,BE,27-MAY-2008,3,,,,,NSE
INE927D01051,JBMA,JBM Auto Limited,EQ,17-DEC-2004,1,,,,,NSE
INE927X01018,ELCIDIN,EL CID Investments Limited,EQ,20-APR-2026,10,,,,,NSE
INE928C01010,DAICHI,Dai-Ichi Karkaria Limited,EQ,20-APR-2026,10,,,,,NSE
INE930H01031,KPRMILL,K.P.R. Mill Limited,EQ,28-AUG-2007,1,,,,,NSE
INE930P01018,ANURAS,Anupam Rasayan India Limited,EQ,24-MAR-2021,10,,,,,NSE
INE931S01010,ADANIENSOL,Adani Energy Solutions Limited,EQ,31-JUL-2015,10,,,,,NSE
INE932A01024,PENIND,Pennar Industries Limited,EQ,25-NOV-2010,5,,,,,NSE
INE932C01012,TOKYOPLAST,Tokyo Plast International Limited,BE,11-OCT-1995,10,,,,,NSE
INE932X01026,SHAREINDIA,Share India Securities Limited,EQ,21-SEP-2020,2,,,,,NSE
INE933A01014,LYKALABS,Lyka Labs Limited,BE,08-FEB-1995,10,,,,,NSE
INE933B01012,SIGMAADV,SIGMA ADVANCED SYSTEMS LIMITED,BE,19-JUL-2007,10,,,,,NSE
INE933K01021,BAJAJCON,Bajaj Consumer Care Limited,EQ,18-AUG-2010,1,,,,,NSE
INE933S01016,INDIAMART,Indiamart Intermesh Limited,EQ,04-JUL-2019,10,,,,,NSE
INE933X01016,SHANTI,Shanti Overseas (India) Limited,EQ,16-SEP-2021,10,,,,,NSE
INE934C01018,DRAGARWQ,Dr Agarwals Eye Hospital Limited,EQ,20-APR-2026,10,,,,,NSE
INE934S01014,GNA,GNA Axles Limited,EQ,26-SEP-2016,10,,,,,NSE
INE935A01035,GLENMARK,Glenmark Pharmaceuticals Limited,EQ,07-FEB-2000,1,,,,,NSE
INE935B01025,MOSCHIP,Moschip Technologies Limited,EQ,05-FEB-2025,2,,,,,NSE
INE935N01020,DIXON,Dixon Technologies (India) Limited,EQ,18-SEP-2017,2,,,,,NSE
INE936B01015,NATCAPSUQ,Natural Capsules Limited,EQ,14-FEB-2025,10,,,,,NSE
INE937A01023,SPMLINFRA,SPML Infra Limited,EQ,14-FEB-1996,2,,,,,NSE
INE937C01029,NILAINFRA,Nila Infrastructures Limited,EQ,21-MAY-2015,1,,,,,NSE
INE938A01021,LCCINFOTEC,LCC Infotech Limited,BE,02-MAR-2000,2,,,,,NSE
INE939A01011,STAR,Strides Pharma Science Limited,EQ,02-FEB-2000,10,,,,,NSE
INE939X01013,MANBA,Manba Finance Limited,EQ,30-SEP-2024,10,,,,,NSE
INE940H01022,PGIL,Pearl Global Industries Limited,EQ,15-FEB-2007,5,,,,,NSE
INE942C01045,GUJTHEM,Gujarat Themis Biosyn Limited,EQ,25-FEB-2025,1,,,,,NSE
INE942G01012,MCLEODRUSS,Mcleod Russel India Limited,BE,29-JUL-2005,5,,,,,NSE
INE943D01017,MPSLTD,MPS Limited,EQ,21-JAN-2002,10,,,,,NSE
INE943P01029,AGARWALEYE,Dr. Agarwal's Health Care Limited,EQ,04-FEB-2025,1,,,,,NSE
INE944F01028,RADICO,Radico Khaitan Limited,EQ,18-JUN-2003,2,,,,,NSE
INE945F01025,DECNGOLD,Deccan Gold Mines Limited,EQ,20-APR-2026,1,,,,,NSE
INE945H01021,V2RETAIL,V2 Retail Limited,EQ,04-JUL-2007,1,,,,,NSE
INE946H01037,VIPULLTD,Vipul Limited,BE,23-APR-2015,1,,,,,NSE
INE947A01014,SUNFLAG,Sunflag Iron And Steel Company Limited,EQ,29-SEP-2005,10,,,,,NSE
INE947I01017,LOTUSEYE,Lotus Eye Hospital and Institute Limited,EQ,11-JUL-2008,10,,,,,NSE
INE947J01015,DEN,Den Networks Limited,EQ,24-NOV-2009,10,,,,,NSE
INE947N01017,AEQUS,Aequs Limited,EQ,10-DEC-2025,10,,,,,NSE
INE947Q01028,LAURUSLABS,Laurus Labs Limited,EQ,19-DEC-2016,2,,,,,NSE
INE947T01022,GICL,Globe International Carriers Limited,EQ,18-FEB-2026,5,,,,,NSE
INE948A01012,TRIGYN,Trigyn Technologies Limited,EQ,09-APR-1998,10,,,,,NSE
INE949H01023,MANINFRA,Man Infraconstruction Limited,EQ,11-MAR-2010,2,,,,,NSE
INE949L01017,AUBANK,AU Small Finance Bank Limited,EQ,10-JUL-2017,10,,,,,NSE
INE949P01018,GENUSPAPER,Genus Paper & Boards Limited,EQ,16-FEB-2015,1,,,,,NSE
INE950I01011,DBCORP,D.B.Corp Limited,EQ,06-JAN-2010,10,,,,,NSE
INE950M01013,MONTECARLO,Monte Carlo Fashions Limited,EQ,19-DEC-2014,10,,,,,NSE
INE951D01028,ATULAUTO,Atul Auto Limited,EQ,26-JUN-2013,5,,,,,NSE
INE951I01027,VGUARD,V-Guard Industries Limited,EQ,13-MAR-2008,1,,,,,NSE
INE951M01037,RRIL,RRIL Limited,EQ,20-APR-2026,5,,,,,NSE
INE952H01027,RAJTV,Raj Television Network Limited,EQ,16-MAR-2007,5,,,,,NSE
INE953L01027,JSFB,Jana Small Finance Bank Limited,EQ,14-FEB-2024,10,,,,,NSE
INE953O01021,SANSERA,Sansera Engineering Limited,EQ,24-SEP-2021,2,,,,,NSE
INE953R01016,PNGJL,P N Gadgil Jewellers Limited,EQ,17-SEP-2024,10,,,,,NSE
INE954E01012,MOHITIND,Mohit Industries Limited,EQ,14-MAR-2013,10,,,,,NSE
INE955D01029,GENUSPOWER,Genus Power Infrastructures Limited,EQ,08-JUL-2005,1,,,,,NSE
INE955I01044,SEJALLTD,Sejal Glass Limited,BE,13-DEC-2021,10,,,,,NSE
INE955V01021,ARVINDFASN,Arvind Fashions Limited,EQ,08-MAR-2019,4,,,,,NSE
INE956G01038,WABAG,VA Tech Wabag Limited,EQ,13-OCT-2010,2,,,,,NSE
INE956O01016,LENSKART,Lenskart Solutions Limited,EQ,10-NOV-2025,2,,,,,NSE
INE959A01019,PRIVISCL,Privi Speciality Chemicals Limited,EQ,08-MAY-2015,10,,,,,NSE
INE959C01023,OAL,Oriental Aromatics Limited,EQ,11-JUL-2019,5,,,,,NSE
INE961D01019,UNIDT,United Drilling Tools Limited,EQ,25-SEP-2020,10,,,,,NSE
INE961O01016,RAINBOW,Rainbow Childrens Medicare Limited,EQ,10-MAY-2022,10,,,,,NSE
INE962C01035,EASTSILK,Eastern Silk Industries Limited,BE,03-JUL-1996,2,,,,,NSE
INE962Y01021,IRCON,Ircon International Limited,EQ,28-SEP-2018,2,,,,,NSE
INE963C01033,FAZE3Q,Faze Three Limited,BE,18-NOV-2022,10,,,,,NSE
INE964H01014,SEPC,SEPC Limited,EQ,20-FEB-2008,10,,,,,NSE
INE964W01021,MKPL,M K Proteins Limited,EQ,13-JUN-2023,1,,,,,NSE
INE965B01022,HYBRIDFIN,Hybrid Financial Services Limited,EQ,05-DEC-2022,5,,,,,NSE
INE965H01011,SITINET,Siti Networks Limited,BZ,10-JAN-2007,1,,,,,NSE
INE965W01036,BMWVENTLTD,BMW Ventures Limited,EQ,01-OCT-2025,10,,,,,NSE
INE966A01022,DOLATALGO,Dolat Algotech Limited,EQ,12-JAN-2024,1,,,,,NSE
INE966H01019,ZEEMEDIA,Zee Media Corporation Limited,BE,10-JAN-2007,1,,,,,NSE
INE967C01018,KAMATHOTEL,Kamat Hotels (I) Limited,EQ,29-MAY-1996,10,,,,,NSE
INE967G01019,ZSARACOM,Saraswati Commercial India Limited,EQ,20-APR-2026,10,,,,,NSE
INE967H01025,KIMS,Krishna Institute of Medical Sciences Limited,EQ,28-JUN-2021,2,,,,,NSE
INE968D01022,ARSHIYA,Arshiya Limited,BZ,14-DEC-2009,2,,,,,NSE
INE970D01010,LOYALTEX,Loyal Textile Mills Limited,BE,11-AUG-2022,10,,,,,NSE
INE970N01027,SPCENET,Spacenet Enterprises India Limited,EQ,10-JAN-2017,1,,,,,NSE
INE970X01018,LEMONTREE,Lemon Tree Hotels Limited,EQ,09-APR-2018,10,,,,,NSE
INE972A01020,KOTIC,Kothari Industrial Corporation Limited,EQ,20-APR-2026,5,,,,,NSE
INE972X01022,VAISHALI,Vaishali Pharma Limited,BE,15-JAN-2020,2,,,,,NSE
INE973A01010,GOLDENTOBC,Golden Tobacco Limited,BZ,08-FEB-1995,10,,,,,NSE
INE974B01016,CHEVIOT,Cheviot Company Limited,EQ,20-JUN-2022,10,,,,,NSE
INE974X01010,TIINDIA,Tube Investments of India Limited,EQ,02-NOV-2017,1,,,,,NSE
INE974Z01015,PRITI,Priti International Limited,BE,02-MAR-2022,10,,,,,NSE
INE975G01012,IL&FSTRANS,IL&FS Transportation Networks Limited,BZ,30-MAR-2010,10,,,,,NSE
INE976A01021,WSTCSTPAPR,West Coast Paper Mills Limited,EQ,17-JAN-2001,2,,,,,NSE
INE976E01023,FOODSIN,Foods & Inns Limited,EQ,16-NOV-2021,1,,,,,NSE
INE976G01028,RBLBANK,RBL Bank Limited,EQ,31-AUG-2016,10,,,,,NSE
INE976I01016,TATACAP,Tata Capital Limited,EQ,13-OCT-2025,10,,,,,NSE
INE976R01033,AGIIL,Agi Infra Limited,EQ,15-JUL-2024,1,,,,,NSE
INE976T01013,SAGARDEEP,Sagardeep Alloys Limited,EQ,25-JAN-2019,10,,,,,NSE
INE977Y01011,BCONCEPTS,Brand Concepts Limited,EQ,11-JAN-2022,10,,,,,NSE
INE978A01027,HERITGFOOD,Heritage Foods Limited,EQ,27-NOV-1996,5,,,,,NSE
INE978G01016,SPLIL,SPL Industries Limited,EQ,26-JUL-2005,10,,,,,NSE
INE979A01025,SAREGAMA,Saregama India Limited,EQ,30-JUL-1997,1,,,,,NSE
INE979B01015,HAWKINCOOK,Hawkins Cookers Limited,EQ,20-APR-2026,10,,,,,NSE
INE979R01011,SHYAMCENT,Shyam Century Ferrous Limited,EQ,28-JUL-2015,1,,,,,NSE
INE980O01024,JYOTICNC,Jyoti CNC Automation Limited,EQ,16-JAN-2024,2,,,,,NSE
INE980Y01015,SOUTHWEST,South West Pinnacle Exploration Limited,EQ,18-APR-2019,10,,,,,NSE
INE982B01027,ADFFOODS,ADF Foods Limited,EQ,15-SEP-2010,2,,,,,NSE
INE982F01036,HATHWAY,Hathway Cable & Datacom Limited,EQ,25-FEB-2010,2,,,,,NSE
INE982J01020,PAYTM,One 97 Communications Limited,EQ,18-NOV-2021,1,,,,,NSE
INE982V01025,JETFREIGHT,Jet Freight Logistics Limited,EQ,21-DEC-2021,5,,,,,NSE
INE985A01022,SINCLAIR,Sinclairs Hotels Limited,EQ,10-APR-2024,2,,,,,NSE
INE985S01024,TEAMLEASE,Teamlease Services Limited,EQ,12-FEB-2016,10,,,,,NSE
INE985W01018,CNL,Creative Newtech Limited,EQ,05-AUG-2019,10,,,,,NSE
INE986A01012,BI,Bilcare Limited,EQ,20-APR-2026,10,,,,,NSE
INE987B01026,NATCOPHARM,Natco Pharma Limited,EQ,27-DEC-1995,2,,,,,NSE
INE987S01020,KSHINTL,KSH International Limited,EQ,23-DEC-2025,5,,,,,NSE
INE988S01028,PARKHOTELS,Apeejay Surrendra Park Hotels Limited,EQ,12-FEB-2024,1,,,,,NSE
INE989A01032,SANGHVIMOV,Sanghvi Movers Limited,EQ,24-JAN-2007,1,,,,,NSE
INE989C01038,DIACABS,Diamond Power Infrastructure Limited,EQ,15-SEP-2023,1,,,,,NSE
INE991I01015,ASPINWALL,Aspinwall and Company Limited,EQ,14-JUN-2016,10,,,,,NSE
INE992I01013,STARTECK,Starteck Finance Limited,EQ,04-MAY-2022,10,,,,,NSE
INE993A01026,MANINDS,Man Industries (India) Limited,EQ,24-JUN-2005,5,,,,,NSE
INE994E01018,3BBLACKBIO,3B Blackbio Dx Limited,EQ,20-APR-2026,10,,,,,NSE
INE995D01025,CHEMBOND,Chembond Material Technologies Limited,BE,20-NOV-2019,5,,,,,NSE
INE995S01015,NIVABUPA,Niva Bupa Health Insurance Company Limited,EQ,14-NOV-2024,10,,,,,NSE
INE997I01012,SHRIKRISH,Shri Krishna Devcon Limited,EQ,20-APR-2026,10,,,,,NSE
INE997Y01027,MITTAL,Mittal Life Style Limited,EQ,29-APR-2020,1,,,,,NSE
INE998H01012,ORIENTALTL,Oriental Trimex Limited,EQ,07-MAR-2007,10,,,,,NSE
INE998I01010,MHRIL,Mahindra Holidays & Resorts India Limited,EQ,16-JUL-2009,10,,,,,NSE
INE999A01023,KSB,Ksb Limited,EQ,08-FEB-1995,2,,,,,NSE
INE999K01014,GREENPOWER,Orient Green Power Company Limited,EQ,08-OCT-2010,10,,,,,NSE
